sample	gene	mutation_type	tooltip	subtype
BRCA-0001	CDH1	Missense_Mutation	BRCA-0001 CDH1 Missense_Mutation hit 1	HR-/HER2+
BRCA-0001	PTEN	Missense_Mutation	BRCA-0001 PTEN Missense_Mutation hit 1	HR-/HER2+
BRCA-0002	TP53	Missense_Mutation	BRCA-0002 TP53 Missense_Mutation hit 1	HR-/HER2-
BRCA-0002	TP53	Missense_Mutation	BRCA-0002 TP53 Missense_Mutation hit 2	HR-/HER2-
BRCA-0003	ERBB2	Splice_Site	BRCA-0003 ERBB2 Splice_Site hit 1	HR+/HER2+
BRCA-0004	PIK3CA	Missense_Mutation	BRCA-0004 PIK3CA Missense_Mutation hit 1	HR+/HER2+
BRCA-0004	TP53	3'UTR	BRCA-0004 TP53 3'UTR hit 1	HR+/HER2+
BRCA-0004	CDH1	Splice_Site	BRCA-0004 CDH1 Splice_Site hit 1	HR+/HER2+
BRCA-0005	PIK3CA	3'UTR	BRCA-0005 PIK3CA 3'UTR hit 1	HR+/HER2-
BRCA-0006	PIK3CA	Missense_Mutation	BRCA-0006 PIK3CA Missense_Mutation hit 1	HR+/HER2-
BRCA-0006	MAP3K1	Nonsense_Mutation	BRCA-0006 MAP3K1 Nonsense_Mutation hit 1	HR+/HER2-
BRCA-0006	ZFHX4	3'UTR	BRCA-0006 ZFHX4 3'UTR hit 1	HR+/HER2-
BRCA-0006	ABCA13	Missense_Mutation	BRCA-0006 ABCA13 Missense_Mutation hit 1	HR+/HER2-
BRCA-0006	EGFR	Missense_Mutation	BRCA-0006 EGFR Missense_Mutation hit 1	HR+/HER2-
BRCA-0006	BRCA1	Splice_Site	BRCA-0006 BRCA1 Splice_Site hit 1	HR+/HER2-
BRCA-0007	PIK3CA	Missense_Mutation	BRCA-0007 PIK3CA Missense_Mutation hit 1	HR+/HER2-
BRCA-0007	ZFHX4	3'UTR	BRCA-0007 ZFHX4 3'UTR hit 1	HR+/HER2-
BRCA-0008	PIK3CA	Frame_Shift_Del	BRCA-0008 PIK3CA Frame_Shift_Del hit 1	HR-/HER2-
BRCA-0008	TP53	Nonsense_Mutation	BRCA-0008 TP53 Nonsense_Mutation hit 1	HR-/HER2-
BRCA-0008	NCOR1	Missense_Mutation	BRCA-0008 NCOR1 Missense_Mutation hit 1	HR-/HER2-
BRCA-0009	PIK3CA	Nonsense_Mutation	BRCA-0009 PIK3CA Nonsense_Mutation hit 1	HR-/HER2+
BRCA-0009	PTEN	Frame_Shift_Ins	BRCA-0009 PTEN Frame_Shift_Ins hit 1	HR-/HER2+
BRCA-0010	PIK3CA	Nonsense_Mutation	BRCA-0010 PIK3CA Nonsense_Mutation hit 1	HR+/HER2-
BRCA-0010	TP53	Silent	BRCA-0010 TP53 Silent hit 1	HR+/HER2-
BRCA-0010	MAP2K4	Missense_Mutation	BRCA-0010 MAP2K4 Missense_Mutation hit 1	HR+/HER2-
BRCA-0011	TP53	Splice_Site	BRCA-0011 TP53 Splice_Site hit 1	HR-/HER2+
BRCA-0011	SPTA1	Frame_Shift_Ins	BRCA-0011 SPTA1 Frame_Shift_Ins hit 1	HR-/HER2+
BRCA-0011	EGFR	Frame_Shift_Del	BRCA-0011 EGFR Frame_Shift_Del hit 1	HR-/HER2+
BRCA-0012	PIK3CA	Missense_Mutation	BRCA-0012 PIK3CA Missense_Mutation hit 1	HR-/HER2+
BRCA-0012	TP53	Missense_Mutation	BRCA-0012 TP53 Missense_Mutation hit 1	HR-/HER2+
BRCA-0012	BRAF	Missense_Mutation	BRCA-0012 BRAF Missense_Mutation hit 1	HR-/HER2+
BRCA-0013	PIK3CA	Nonsense_Mutation	BRCA-0013 PIK3CA Nonsense_Mutation hit 1	HR-/HER2+
BRCA-0013	TP53	Missense_Mutation	BRCA-0013 TP53 Missense_Mutation hit 1	HR-/HER2+
BRCA-0013	PTEN	Missense_Mutation	BRCA-0013 PTEN Missense_Mutation hit 1	HR-/HER2+
BRCA-0013	BRCA2	Missense_Mutation	BRCA-0013 BRCA2 Missense_Mutation hit 1	HR-/HER2+
BRCA-0013	NF1	Missense_Mutation	BRCA-0013 NF1 Missense_Mutation hit 1	HR-/HER2+
BRCA-0014	TP53	Missense_Mutation	BRCA-0014 TP53 Missense_Mutation hit 1	HR+/HER2-
BRCA-0015	GATA3	Missense_Mutation	BRCA-0015 GATA3 Missense_Mutation hit 1	HR+/HER2-
BRCA-0015	CCND1	Missense_Mutation	BRCA-0015 CCND1 Missense_Mutation hit 1	HR+/HER2-
BRCA-0015	ERBB2	Frame_Shift_Del	BRCA-0015 ERBB2 Frame_Shift_Del hit 1	HR+/HER2-
BRCA-0016	PIK3CA	Splice_Site	BRCA-0016 PIK3CA Splice_Site hit 1	HR+/HER2-
BRCA-0016	TP53	Missense_Mutation	BRCA-0016 TP53 Missense_Mutation hit 1	HR+/HER2-
BRCA-0017	BRCA2	Splice_Site	BRCA-0017 BRCA2 Splice_Site hit 1	HR-/HER2+
BRCA-0017	MYC	Nonsense_Mutation	BRCA-0017 MYC Nonsense_Mutation hit 1	HR-/HER2+
BRCA-0018	KMT2C	Missense_Mutation	BRCA-0018 KMT2C Missense_Mutation hit 1	HR+/HER2+
BRCA-0018	PTEN	Intron	BRCA-0018 PTEN Intron hit 1	HR+/HER2+
BRCA-0019	PIK3CA	Missense_Mutation	BRCA-0019 PIK3CA Missense_Mutation hit 1	HR-/HER2-
BRCA-0020	PIK3CA	Missense_Mutation	BRCA-0020 PIK3CA Missense_Mutation hit 1	HR+/HER2+
BRCA-0020	TP53	Intron	BRCA-0020 TP53 Intron hit 1	HR+/HER2+
BRCA-0021	PIK3CA	Missense_Mutation	BRCA-0021 PIK3CA Missense_Mutation hit 1	HR-/HER2+
BRCA-0021	TP53	Missense_Mutation	BRCA-0021 TP53 Missense_Mutation hit 1	HR-/HER2+
BRCA-0021	EGFR	Missense_Mutation	BRCA-0021 EGFR Missense_Mutation hit 1	HR-/HER2+
BRCA-0022	TP53	Missense_Mutation	BRCA-0022 TP53 Missense_Mutation hit 1	HR-/HER2-
BRCA-0023	PIK3CA	Splice_Site	BRCA-0023 PIK3CA Splice_Site hit 1	HR+/HER2-
BRCA-0023	MAP3K1	Missense_Mutation	BRCA-0023 MAP3K1 Missense_Mutation hit 1	HR+/HER2-
BRCA-0024	TP53	Missense_Mutation	BRCA-0024 TP53 Missense_Mutation hit 1	HR-/HER2-
BRCA-0024	TP53	Frame_Shift_Del	BRCA-0024 TP53 Frame_Shift_Del hit 2	HR-/HER2-
BRCA-0025	PIK3CA	3'UTR	BRCA-0025 PIK3CA 3'UTR hit 1	HR-/HER2+
BRCA-0025	FOXA1	Intron	BRCA-0025 FOXA1 Intron hit 1	HR-/HER2+
BRCA-0026	TP53	Nonsense_Mutation	BRCA-0026 TP53 Nonsense_Mutation hit 1	HR+/HER2-
BRCA-0026	MYC	Missense_Mutation	BRCA-0026 MYC Missense_Mutation hit 1	HR+/HER2-
BRCA-0027	PIK3CA	Missense_Mutation	BRCA-0027 PIK3CA Missense_Mutation hit 1	HR-/HER2+
BRCA-0027	TP53	Nonsense_Mutation	BRCA-0027 TP53 Nonsense_Mutation hit 1	HR-/HER2+
BRCA-0028	EGFR	Nonsense_Mutation	BRCA-0028 EGFR Nonsense_Mutation hit 1	HR-/HER2+
BRCA-0029	TP53	Frame_Shift_Ins	BRCA-0029 TP53 Frame_Shift_Ins hit 1	HR-/HER2-
BRCA-0030	TP53	Nonsense_Mutation	BRCA-0030 TP53 Nonsense_Mutation hit 1	HR-/HER2-
BRCA-0030	CDH1	Missense_Mutation	BRCA-0030 CDH1 Missense_Mutation hit 1	HR-/HER2-
BRCA-0030	MAP3K1	Frame_Shift_Del	BRCA-0030 MAP3K1 Frame_Shift_Del hit 1	HR-/HER2-
BRCA-0030	SPTA1	Missense_Mutation	BRCA-0030 SPTA1 Missense_Mutation hit 1	HR-/HER2-
BRCA-0030	EGFR	Missense_Mutation	BRCA-0030 EGFR Missense_Mutation hit 1	HR-/HER2-
BRCA-0030	BRCA1	Missense_Mutation	BRCA-0030 BRCA1 Missense_Mutation hit 1	HR-/HER2-
BRCA-0031	TP53	Splice_Site	BRCA-0031 TP53 Splice_Site hit 1	HR+/HER2-
BRCA-0031	PTEN	Missense_Mutation	BRCA-0031 PTEN Missense_Mutation hit 1	HR+/HER2-
BRCA-0032	PIK3CA	Missense_Mutation	BRCA-0032 PIK3CA Missense_Mutation hit 1	HR-/HER2-
BRCA-0032	TP53	Missense_Mutation	BRCA-0032 TP53 Missense_Mutation hit 1	HR-/HER2-
BRCA-0032	GATA3	Nonsense_Mutation	BRCA-0032 GATA3 Nonsense_Mutation hit 1	HR-/HER2-
BRCA-0033	GATA3	Nonsense_Mutation	BRCA-0033 GATA3 Nonsense_Mutation hit 1	HR+/HER2+
BRCA-0034	TP53	Frame_Shift_Del	BRCA-0034 TP53 Frame_Shift_Del hit 1	HR-/HER2-
BRCA-0035	PIK3CA	Intron	BRCA-0035 PIK3CA Intron hit 1	HR-/HER2+
BRCA-0035	PIK3CA	Missense_Mutation	BRCA-0035 PIK3CA Missense_Mutation hit 2	HR-/HER2+
BRCA-0035	MYC	Splice_Site	BRCA-0035 MYC Splice_Site hit 1	HR-/HER2+
BRCA-0036	TP53	Missense_Mutation	BRCA-0036 TP53 Missense_Mutation hit 1	HR-/HER2-
BRCA-0036	TP53	Splice_Site	BRCA-0036 TP53 Splice_Site hit 2	HR-/HER2-
BRCA-0036	CDH1	Splice_Site	BRCA-0036 CDH1 Splice_Site hit 1	HR-/HER2-
BRCA-0037	PIK3CA	Nonsense_Mutation	BRCA-0037 PIK3CA Nonsense_Mutation hit 1	HR-/HER2-
BRCA-0037	RB1	Splice_Site	BRCA-0037 RB1 Splice_Site hit 1	HR-/HER2-
BRCA-0038	PIK3CA	Missense_Mutation	BRCA-0038 PIK3CA Missense_Mutation hit 1	HR+/HER2-
BRCA-0038	CDH1	Missense_Mutation	BRCA-0038 CDH1 Missense_Mutation hit 1	HR+/HER2-
BRCA-0038	CDH1	5'UTR	BRCA-0038 CDH1 5'UTR hit 2	HR+/HER2-
BRCA-0038	ERBB2	Missense_Mutation	BRCA-0038 ERBB2 Missense_Mutation hit 1	HR+/HER2-
BRCA-0039	KMT2C	Missense_Mutation	BRCA-0039 KMT2C Missense_Mutation hit 1	HR+/HER2-
BRCA-0040	CDH1	Missense_Mutation	BRCA-0040 CDH1 Missense_Mutation hit 1	HR-/HER2-
BRCA-0041	TP53	Nonsense_Mutation	BRCA-0041 TP53 Nonsense_Mutation hit 1	HR+/HER2-
BRCA-0042	PTEN	Missense_Mutation	BRCA-0042 PTEN Missense_Mutation hit 1	HR+/HER2-
BRCA-0043	TP53	Missense_Mutation	BRCA-0043 TP53 Missense_Mutation hit 1	HR+/HER2-
BRCA-0043	ZFHX4	Splice_Site	BRCA-0043 ZFHX4 Splice_Site hit 1	HR+/HER2-
BRCA-0043	ABCA13	Nonsense_Mutation	BRCA-0043 ABCA13 Nonsense_Mutation hit 1	HR+/HER2-
BRCA-0044	PIK3CA	Missense_Mutation	BRCA-0044 PIK3CA Missense_Mutation hit 1	HR+/HER2-
BRCA-0044	TP53	Frame_Shift_Ins	BRCA-0044 TP53 Frame_Shift_Ins hit 1	HR+/HER2-
BRCA-0044	TP53	Intron	BRCA-0044 TP53 Intron hit 2	HR+/HER2-
BRCA-0044	CCND1	Missense_Mutation	BRCA-0044 CCND1 Missense_Mutation hit 1	HR+/HER2-
BRCA-0045	SPTA1	Splice_Site	BRCA-0045 SPTA1 Splice_Site hit 1	HR+/HER2+
BRCA-0045	FGFR1	Splice_Site	BRCA-0045 FGFR1 Splice_Site hit 1	HR+/HER2+
BRCA-0047	PIK3CA	Missense_Mutation	BRCA-0047 PIK3CA Missense_Mutation hit 1	HR+/HER2-
BRCA-0047	TP53	Missense_Mutation	BRCA-0047 TP53 Missense_Mutation hit 1	HR+/HER2-
BRCA-0047	GATA3	Missense_Mutation	BRCA-0047 GATA3 Missense_Mutation hit 1	HR+/HER2-
BRCA-0047	ABCA13	Nonsense_Mutation	BRCA-0047 ABCA13 Nonsense_Mutation hit 1	HR+/HER2-
BRCA-0048	PIK3CA	Missense_Mutation	BRCA-0048 PIK3CA Missense_Mutation hit 1	HR-/HER2+
BRCA-0048	TP53	Splice_Site	BRCA-0048 TP53 Splice_Site hit 1	HR-/HER2+
BRCA-0048	FOXA1	Missense_Mutation	BRCA-0048 FOXA1 Missense_Mutation hit 1	HR-/HER2+
BRCA-0049	GATA3	Missense_Mutation	BRCA-0049 GATA3 Missense_Mutation hit 1	HR+/HER2+
BRCA-0050	TP53	Splice_Site	BRCA-0050 TP53 Splice_Site hit 1	HR+/HER2+
BRCA-0051	TP53	Frame_Shift_Del	BRCA-0051 TP53 Frame_Shift_Del hit 1	HR-/HER2+
BRCA-0051	GATA3	Missense_Mutation	BRCA-0051 GATA3 Missense_Mutation hit 1	HR-/HER2+
BRCA-0051	ABCA13	Missense_Mutation	BRCA-0051 ABCA13 Missense_Mutation hit 1	HR-/HER2+
BRCA-0052	GATA3	Intron	BRCA-0052 GATA3 Intron hit 1	HR-/HER2+
BRCA-0053	PIK3CA	Missense_Mutation	BRCA-0053 PIK3CA Missense_Mutation hit 1	HR-/HER2-
BRCA-0053	TP53	Missense_Mutation	BRCA-0053 TP53 Missense_Mutation hit 1	HR-/HER2-
BRCA-0054	PIK3CA	Nonsense_Mutation	BRCA-0054 PIK3CA Nonsense_Mutation hit 1	HR+/HER2-
BRCA-0054	ABCA13	Nonsense_Mutation	BRCA-0054 ABCA13 Nonsense_Mutation hit 1	HR+/HER2-
BRCA-0055	CDH1	Missense_Mutation	BRCA-0055 CDH1 Missense_Mutation hit 1	HR+/HER2-
BRCA-0055	MAP3K1	Missense_Mutation	BRCA-0055 MAP3K1 Missense_Mutation hit 1	HR+/HER2-
BRCA-0055	FGFR1	Missense_Mutation	BRCA-0055 FGFR1 Missense_Mutation hit 1	HR+/HER2-
BRCA-0056	PIK3CA	Missense_Mutation	BRCA-0056 PIK3CA Missense_Mutation hit 1	HR+/HER2-
BRCA-0056	NF1	Splice_Site	BRCA-0056 NF1 Splice_Site hit 1	HR+/HER2-
BRCA-0056	NCOR1	Frame_Shift_Del	BRCA-0056 NCOR1 Frame_Shift_Del hit 1	HR+/HER2-
BRCA-0057	CDH1	Frame_Shift_Del	BRCA-0057 CDH1 Frame_Shift_Del hit 1	HR+/HER2-
BRCA-0057	MAP3K1	Missense_Mutation	BRCA-0057 MAP3K1 Missense_Mutation hit 1	HR+/HER2-
BRCA-0058	CDH1	Missense_Mutation	BRCA-0058 CDH1 Missense_Mutation hit 1	HR+/HER2-
BRCA-0058	SPTA1	Missense_Mutation	BRCA-0058 SPTA1 Missense_Mutation hit 1	HR+/HER2-
BRCA-0059	PIK3CA	Missense_Mutation	BRCA-0059 PIK3CA Missense_Mutation hit 1	HR+/HER2+
BRCA-0059	TP53	Missense_Mutation	BRCA-0059 TP53 Missense_Mutation hit 1	HR+/HER2+
BRCA-0059	FOXA1	Missense_Mutation	BRCA-0059 FOXA1 Missense_Mutation hit 1	HR+/HER2+
BRCA-0059	BRCA1	Splice_Site	BRCA-0059 BRCA1 Splice_Site hit 1	HR+/HER2+
BRCA-0060	PIK3CA	Missense_Mutation	BRCA-0060 PIK3CA Missense_Mutation hit 1	HR+/HER2-
BRCA-0060	KMT2C	5'UTR	BRCA-0060 KMT2C 5'UTR hit 1	HR+/HER2-
BRCA-0060	MAP3K1	Nonsense_Mutation	BRCA-0060 MAP3K1 Nonsense_Mutation hit 1	HR+/HER2-
BRCA-0060	SPTA1	Missense_Mutation	BRCA-0060 SPTA1 Missense_Mutation hit 1	HR+/HER2-
BRCA-0061	CDH1	Missense_Mutation	BRCA-0061 CDH1 Missense_Mutation hit 1	HR+/HER2-
BRCA-0062	PTEN	Missense_Mutation	BRCA-0062 PTEN Missense_Mutation hit 1	HR-/HER2+
BRCA-0062	NCOR1	Intron	BRCA-0062 NCOR1 Intron hit 1	HR-/HER2+
BRCA-0063	GATA3	Nonsense_Mutation	BRCA-0063 GATA3 Nonsense_Mutation hit 1	HR+/HER2-
BRCA-0064	PIK3CA	Frame_Shift_Del	BRCA-0064 PIK3CA Frame_Shift_Del hit 1	HR+/HER2-
BRCA-0064	KMT2C	Missense_Mutation	BRCA-0064 KMT2C Missense_Mutation hit 1	HR+/HER2-
BRCA-0065	PIK3CA	Nonsense_Mutation	BRCA-0065 PIK3CA Nonsense_Mutation hit 1	HR-/HER2+
BRCA-0065	TP53	Missense_Mutation	BRCA-0065 TP53 Missense_Mutation hit 1	HR-/HER2+
BRCA-0065	MAP3K1	Missense_Mutation	BRCA-0065 MAP3K1 Missense_Mutation hit 1	HR-/HER2+
BRCA-0065	ZFHX4	Missense_Mutation	BRCA-0065 ZFHX4 Missense_Mutation hit 1	HR-/HER2+
BRCA-0066	TP53	Missense_Mutation	BRCA-0066 TP53 Missense_Mutation hit 1	HR+/HER2-
BRCA-0067	PIK3CA	Splice_Site	BRCA-0067 PIK3CA Splice_Site hit 1	HR-/HER2+
BRCA-0067	PIK3CA	Frame_Shift_Del	BRCA-0067 PIK3CA Frame_Shift_Del hit 2	HR-/HER2+
BRCA-0067	SPTA1	Missense_Mutation	BRCA-0067 SPTA1 Missense_Mutation hit 1	HR-/HER2+
BRCA-0067	BRAF	Missense_Mutation	BRCA-0067 BRAF Missense_Mutation hit 1	HR-/HER2+
BRCA-0069	PIK3CA	Missense_Mutation	BRCA-0069 PIK3CA Missense_Mutation hit 1	HR-/HER2-
BRCA-0071	PIK3CA	Missense_Mutation	BRCA-0071 PIK3CA Missense_Mutation hit 1	HR-/HER2-
BRCA-0071	ABCA13	Missense_Mutation	BRCA-0071 ABCA13 Missense_Mutation hit 1	HR-/HER2-
BRCA-0071	EGFR	Missense_Mutation	BRCA-0071 EGFR Missense_Mutation hit 1	HR-/HER2-
BRCA-0072	CDH1	Missense_Mutation	BRCA-0072 CDH1 Missense_Mutation hit 1	HR+/HER2+
BRCA-0072	NF1	Nonsense_Mutation	BRCA-0072 NF1 Nonsense_Mutation hit 1	HR+/HER2+
BRCA-0073	CCND1	5'UTR	BRCA-0073 CCND1 5'UTR hit 1	HR+/HER2-
BRCA-0074	GATA3	Missense_Mutation	BRCA-0074 GATA3 Missense_Mutation hit 1	HR+/HER2-
BRCA-0074	PIK3R1	Missense_Mutation	BRCA-0074 PIK3R1 Missense_Mutation hit 1	HR+/HER2-
BRCA-0075	TP53	Frame_Shift_Ins	BRCA-0075 TP53 Frame_Shift_Ins hit 1	HR-/HER2+
BRCA-0075	EGFR	Silent	BRCA-0075 EGFR Silent hit 1	HR-/HER2+
BRCA-0077	PIK3CA	Frame_Shift_Del	BRCA-0077 PIK3CA Frame_Shift_Del hit 1	HR+/HER2-
BRCA-0078	PIK3CA	Missense_Mutation	BRCA-0078 PIK3CA Missense_Mutation hit 1	HR-/HER2+
BRCA-0078	TP53	Frame_Shift_Ins	BRCA-0078 TP53 Frame_Shift_Ins hit 1	HR-/HER2+
BRCA-0078	SPTA1	Nonsense_Mutation	BRCA-0078 SPTA1 Nonsense_Mutation hit 1	HR-/HER2+
BRCA-0078	EGFR	Missense_Mutation	BRCA-0078 EGFR Missense_Mutation hit 1	HR-/HER2+
BRCA-0079	TP53	Missense_Mutation	BRCA-0079 TP53 Missense_Mutation hit 1	HR-/HER2-
BRCA-0079	FOXA1	Silent	BRCA-0079 FOXA1 Silent hit 1	HR-/HER2-
BRCA-0079	MYC	Frame_Shift_Ins	BRCA-0079 MYC Frame_Shift_Ins hit 1	HR-/HER2-
BRCA-0080	PIK3CA	Nonsense_Mutation	BRCA-0080 PIK3CA Nonsense_Mutation hit 1	HR+/HER2-
BRCA-0080	TP53	Frame_Shift_Del	BRCA-0080 TP53 Frame_Shift_Del hit 1	HR+/HER2-
BRCA-0080	GATA3	Missense_Mutation	BRCA-0080 GATA3 Missense_Mutation hit 1	HR+/HER2-
BRCA-0081	GATA3	Missense_Mutation	BRCA-0081 GATA3 Missense_Mutation hit 1	HR+/HER2-
BRCA-0082	CDH1	Missense_Mutation	BRCA-0082 CDH1 Missense_Mutation hit 1	HR+/HER2-
BRCA-0082	ZFHX4	Missense_Mutation	BRCA-0082 ZFHX4 Missense_Mutation hit 1	HR+/HER2-
BRCA-0082	EGFR	Missense_Mutation	BRCA-0082 EGFR Missense_Mutation hit 1	HR+/HER2-
BRCA-0083	PIK3CA	Splice_Site	BRCA-0083 PIK3CA Splice_Site hit 1	HR+/HER2+
BRCA-0085	TP53	Missense_Mutation	BRCA-0085 TP53 Missense_Mutation hit 1	HR-/HER2-
BRCA-0086	TP53	Missense_Mutation	BRCA-0086 TP53 Missense_Mutation hit 1	HR-/HER2+
BRCA-0086	CDH1	Splice_Site	BRCA-0086 CDH1 Splice_Site hit 1	HR-/HER2+
BRCA-0086	PTEN	Splice_Site	BRCA-0086 PTEN Splice_Site hit 1	HR-/HER2+
BRCA-0086	ABCA13	Missense_Mutation	BRCA-0086 ABCA13 Missense_Mutation hit 1	HR-/HER2+
BRCA-0087	PTEN	Intron	BRCA-0087 PTEN Intron hit 1	HR-/HER2-
BRCA-0087	BRCA1	Nonsense_Mutation	BRCA-0087 BRCA1 Nonsense_Mutation hit 1	HR-/HER2-
BRCA-0088	TP53	Nonsense_Mutation	BRCA-0088 TP53 Nonsense_Mutation hit 1	HR-/HER2-
BRCA-0088	KMT2C	Missense_Mutation	BRCA-0088 KMT2C Missense_Mutation hit 1	HR-/HER2-
BRCA-0088	BRCA2	Missense_Mutation	BRCA-0088 BRCA2 Missense_Mutation hit 1	HR-/HER2-
BRCA-0089	AKT1	Missense_Mutation	BRCA-0089 AKT1 Missense_Mutation hit 1	HR+/HER2-
BRCA-0090	PIK3CA	Nonsense_Mutation	BRCA-0090 PIK3CA Nonsense_Mutation hit 1	HR+/HER2-
BRCA-0090	TP53	Frame_Shift_Del	BRCA-0090 TP53 Frame_Shift_Del hit 1	HR+/HER2-
BRCA-0090	KMT2C	Intron	BRCA-0090 KMT2C Intron hit 1	HR+/HER2-
BRCA-0091	PIK3CA	Frame_Shift_Del	BRCA-0091 PIK3CA Frame_Shift_Del hit 1	HR+/HER2-
BRCA-0091	TP53	Frame_Shift_Del	BRCA-0091 TP53 Frame_Shift_Del hit 1	HR+/HER2-
BRCA-0092	MAP3K1	Nonsense_Mutation	BRCA-0092 MAP3K1 Nonsense_Mutation hit 1	HR+/HER2-
BRCA-0093	PIK3CA	Missense_Mutation	BRCA-0093 PIK3CA Missense_Mutation hit 1	HR+/HER2+
BRCA-0093	CDH1	Missense_Mutation	BRCA-0093 CDH1 Missense_Mutation hit 1	HR+/HER2+
BRCA-0093	PIK3R1	Silent	BRCA-0093 PIK3R1 Silent hit 1	HR+/HER2+
BRCA-0094	PIK3CA	Missense_Mutation	BRCA-0094 PIK3CA Missense_Mutation hit 1	HR+/HER2-
BRCA-0094	TP53	Missense_Mutation	BRCA-0094 TP53 Missense_Mutation hit 1	HR+/HER2-
BRCA-0096	AKT1	Nonsense_Mutation	BRCA-0096 AKT1 Nonsense_Mutation hit 1	HR+/HER2-
BRCA-0097	TP53	Missense_Mutation	BRCA-0097 TP53 Missense_Mutation hit 1	HR-/HER2-
BRCA-0097	BRCA2	Missense_Mutation	BRCA-0097 BRCA2 Missense_Mutation hit 1	HR-/HER2-
BRCA-0098	PIK3CA	Missense_Mutation	BRCA-0098 PIK3CA Missense_Mutation hit 1	HR+/HER2+
BRCA-0098	ABCA13	Silent	BRCA-0098 ABCA13 Silent hit 1	HR+/HER2+
BRCA-0099	PIK3CA	Missense_Mutation	BRCA-0099 PIK3CA Missense_Mutation hit 1	HR-/HER2+
BRCA-0099	TP53	Missense_Mutation	BRCA-0099 TP53 Missense_Mutation hit 1	HR-/HER2+
BRCA-0099	TP53	Missense_Mutation	BRCA-0099 TP53 Missense_Mutation hit 2	HR-/HER2+
BRCA-0100	TP53	Missense_Mutation	BRCA-0100 TP53 Missense_Mutation hit 1	HR-/HER2+
BRCA-0101	ZFHX4	Frame_Shift_Ins	BRCA-0101 ZFHX4 Frame_Shift_Ins hit 1	HR+/HER2-
BRCA-0101	BRCA1	Missense_Mutation	BRCA-0101 BRCA1 Missense_Mutation hit 1	HR+/HER2-
BRCA-0102	BRCA2	Missense_Mutation	BRCA-0102 BRCA2 Missense_Mutation hit 1	HR-/HER2-
BRCA-0103	TP53	Nonsense_Mutation	BRCA-0103 TP53 Nonsense_Mutation hit 1	HR-/HER2-
BRCA-0103	MYC	Missense_Mutation	BRCA-0103 MYC Missense_Mutation hit 1	HR-/HER2-
BRCA-0103	CCND1	Splice_Site	BRCA-0103 CCND1 Splice_Site hit 1	HR-/HER2-
BRCA-0104	CDH1	Missense_Mutation	BRCA-0104 CDH1 Missense_Mutation hit 1	HR-/HER2+
BRCA-0105	GATA3	Intron	BRCA-0105 GATA3 Intron hit 1	HR+/HER2+
BRCA-0106	PIK3CA	Missense_Mutation	BRCA-0106 PIK3CA Missense_Mutation hit 1	HR+/HER2-
BRCA-0106	TP53	Missense_Mutation	BRCA-0106 TP53 Missense_Mutation hit 1	HR+/HER2-
BRCA-0106	GATA3	Silent	BRCA-0106 GATA3 Silent hit 1	HR+/HER2-
BRCA-0106	SPTA1	Missense_Mutation	BRCA-0106 SPTA1 Missense_Mutation hit 1	HR+/HER2-
BRCA-0107	PIK3CA	Missense_Mutation	BRCA-0107 PIK3CA Missense_Mutation hit 1	HR-/HER2-
BRCA-0107	SPTA1	Missense_Mutation	BRCA-0107 SPTA1 Missense_Mutation hit 1	HR-/HER2-
BRCA-0109	FGFR1	Frame_Shift_Del	BRCA-0109 FGFR1 Frame_Shift_Del hit 1	HR+/HER2+
BRCA-0110	PIK3CA	Missense_Mutation	BRCA-0110 PIK3CA Missense_Mutation hit 1	HR+/HER2-
BRCA-0110	AKT1	Silent	BRCA-0110 AKT1 Silent hit 1	HR+/HER2-
BRCA-0111	TP53	3'UTR	BRCA-0111 TP53 3'UTR hit 1	HR-/HER2-
BRCA-0111	PTEN	Missense_Mutation	BRCA-0111 PTEN Missense_Mutation hit 1	HR-/HER2-
BRCA-0113	TP53	Missense_Mutation	BRCA-0113 TP53 Missense_Mutation hit 1	HR-/HER2+
BRCA-0113	NF1	Missense_Mutation	BRCA-0113 NF1 Missense_Mutation hit 1	HR-/HER2+
BRCA-0113	MYC	3'UTR	BRCA-0113 MYC 3'UTR hit 1	HR-/HER2+
BRCA-0114	KMT2C	Missense_Mutation	BRCA-0114 KMT2C Missense_Mutation hit 1	HR+/HER2+
BRCA-0114	SPTA1	Missense_Mutation	BRCA-0114 SPTA1 Missense_Mutation hit 1	HR+/HER2+
BRCA-0114	BRCA2	Missense_Mutation	BRCA-0114 BRCA2 Missense_Mutation hit 1	HR+/HER2+
BRCA-0115	CDH1	3'UTR	BRCA-0115 CDH1 3'UTR hit 1	HR-/HER2-
BRCA-0117	PIK3CA	Missense_Mutation	BRCA-0117 PIK3CA Missense_Mutation hit 1	HR+/HER2+
BRCA-0117	TP53	Frame_Shift_Del	BRCA-0117 TP53 Frame_Shift_Del hit 1	HR+/HER2+
BRCA-0117	MAP3K1	Frame_Shift_Del	BRCA-0117 MAP3K1 Frame_Shift_Del hit 1	HR+/HER2+
BRCA-0117	FGFR2	Intron	BRCA-0117 FGFR2 Intron hit 1	HR+/HER2+
BRCA-0118	PIK3CA	Missense_Mutation	BRCA-0118 PIK3CA Missense_Mutation hit 1	HR+/HER2-
BRCA-0118	TP53	Nonsense_Mutation	BRCA-0118 TP53 Nonsense_Mutation hit 1	HR+/HER2-
BRCA-0121	PIK3CA	Frame_Shift_Del	BRCA-0121 PIK3CA Frame_Shift_Del hit 1	HR+/HER2-
BRCA-0121	NCOR1	Missense_Mutation	BRCA-0121 NCOR1 Missense_Mutation hit 1	HR+/HER2-
BRCA-0122	TP53	Nonsense_Mutation	BRCA-0122 TP53 Nonsense_Mutation hit 1	HR-/HER2-
BRCA-0123	PIK3CA	Missense_Mutation	BRCA-0123 PIK3CA Missense_Mutation hit 1	HR+/HER2-
BRCA-0123	TP53	Missense_Mutation	BRCA-0123 TP53 Missense_Mutation hit 1	HR+/HER2-
BRCA-0123	GATA3	Nonsense_Mutation	BRCA-0123 GATA3 Nonsense_Mutation hit 1	HR+/HER2-
BRCA-0123	KMT2C	Missense_Mutation	BRCA-0123 KMT2C Missense_Mutation hit 1	HR+/HER2-
BRCA-0123	FOXA1	Missense_Mutation	BRCA-0123 FOXA1 Missense_Mutation hit 1	HR+/HER2-
BRCA-0123	ERBB2	Missense_Mutation	BRCA-0123 ERBB2 Missense_Mutation hit 1	HR+/HER2-
BRCA-0124	PIK3CA	Intron	BRCA-0124 PIK3CA Intron hit 1	HR+/HER2-
BRCA-0124	MAP3K1	Silent	BRCA-0124 MAP3K1 Silent hit 1	HR+/HER2-
BRCA-0125	PIK3CA	Missense_Mutation	BRCA-0125 PIK3CA Missense_Mutation hit 1	HR+/HER2-
BRCA-0125	TP53	3'UTR	BRCA-0125 TP53 3'UTR hit 1	HR+/HER2-
BRCA-0125	CCND1	Missense_Mutation	BRCA-0125 CCND1 Missense_Mutation hit 1	HR+/HER2-
BRCA-0126	FOXA1	Missense_Mutation	BRCA-0126 FOXA1 Missense_Mutation hit 1	HR-/HER2-
BRCA-0126	BRCA1	Missense_Mutation	BRCA-0126 BRCA1 Missense_Mutation hit 1	HR-/HER2-
BRCA-0126	BRCA1	Missense_Mutation	BRCA-0126 BRCA1 Missense_Mutation hit 2	HR-/HER2-
BRCA-0127	PIK3CA	Silent	BRCA-0127 PIK3CA Silent hit 1	HR-/HER2-
BRCA-0127	ZFHX4	Missense_Mutation	BRCA-0127 ZFHX4 Missense_Mutation hit 1	HR-/HER2-
BRCA-0127	PTEN	Frame_Shift_Ins	BRCA-0127 PTEN Frame_Shift_Ins hit 1	HR-/HER2-
BRCA-0128	PIK3CA	Splice_Site	BRCA-0128 PIK3CA Splice_Site hit 1	HR+/HER2-
BRCA-0128	GATA3	Missense_Mutation	BRCA-0128 GATA3 Missense_Mutation hit 1	HR+/HER2-
BRCA-0128	PTEN	Missense_Mutation	BRCA-0128 PTEN Missense_Mutation hit 1	HR+/HER2-
BRCA-0128	ABCA13	Missense_Mutation	BRCA-0128 ABCA13 Missense_Mutation hit 1	HR+/HER2-
BRCA-0129	TP53	Missense_Mutation	BRCA-0129 TP53 Missense_Mutation hit 1	HR-/HER2+
BRCA-0129	TP53	Intron	BRCA-0129 TP53 Intron hit 2	HR-/HER2+
BRCA-0130	PIK3CA	Missense_Mutation	BRCA-0130 PIK3CA Missense_Mutation hit 1	HR+/HER2+
BRCA-0130	TP53	Missense_Mutation	BRCA-0130 TP53 Missense_Mutation hit 1	HR+/HER2+
BRCA-0132	PIK3CA	Missense_Mutation	BRCA-0132 PIK3CA Missense_Mutation hit 1	HR+/HER2-
BRCA-0133	PIK3CA	Missense_Mutation	BRCA-0133 PIK3CA Missense_Mutation hit 1	HR+/HER2+
BRCA-0133	CDH1	Splice_Site	BRCA-0133 CDH1 Splice_Site hit 1	HR+/HER2+
BRCA-0133	GATA3	Missense_Mutation	BRCA-0133 GATA3 Missense_Mutation hit 1	HR+/HER2+
BRCA-0133	PTEN	Missense_Mutation	BRCA-0133 PTEN Missense_Mutation hit 1	HR+/HER2+
BRCA-0133	MYC	Nonsense_Mutation	BRCA-0133 MYC Nonsense_Mutation hit 1	HR+/HER2+
BRCA-0134	NF1	Splice_Site	BRCA-0134 NF1 Splice_Site hit 1	HR+/HER2+
BRCA-0135	PIK3CA	Missense_Mutation	BRCA-0135 PIK3CA Missense_Mutation hit 1	HR-/HER2-
BRCA-0135	BRCA2	Frame_Shift_Ins	BRCA-0135 BRCA2 Frame_Shift_Ins hit 1	HR-/HER2-
BRCA-0136	PIK3CA	Nonsense_Mutation	BRCA-0136 PIK3CA Nonsense_Mutation hit 1	HR-/HER2-
BRCA-0136	TP53	Missense_Mutation	BRCA-0136 TP53 Missense_Mutation hit 1	HR-/HER2-
BRCA-0136	ABCA13	Missense_Mutation	BRCA-0136 ABCA13 Missense_Mutation hit 1	HR-/HER2-
BRCA-0136	AKT1	Nonsense_Mutation	BRCA-0136 AKT1 Nonsense_Mutation hit 1	HR-/HER2-
BRCA-0137	KMT2C	Missense_Mutation	BRCA-0137 KMT2C Missense_Mutation hit 1	HR+/HER2-
BRCA-0137	MAP2K4	Missense_Mutation	BRCA-0137 MAP2K4 Missense_Mutation hit 1	HR+/HER2-
BRCA-0138	TP53	Missense_Mutation	BRCA-0138 TP53 Missense_Mutation hit 1	HR-/HER2-
BRCA-0139	TP53	Nonsense_Mutation	BRCA-0139 TP53 Nonsense_Mutation hit 1	HR+/HER2-
BRCA-0140	PIK3CA	Missense_Mutation	BRCA-0140 PIK3CA Missense_Mutation hit 1	HR+/HER2-
BRCA-0140	GATA3	Missense_Mutation	BRCA-0140 GATA3 Missense_Mutation hit 1	HR+/HER2-
BRCA-0140	FOXA1	Nonsense_Mutation	BRCA-0140 FOXA1 Nonsense_Mutation hit 1	HR+/HER2-
BRCA-0141	PIK3CA	Missense_Mutation	BRCA-0141 PIK3CA Missense_Mutation hit 1	HR-/HER2+
BRCA-0141	TP53	Frame_Shift_Del	BRCA-0141 TP53 Frame_Shift_Del hit 1	HR-/HER2+
BRCA-0141	FOXA1	Splice_Site	BRCA-0141 FOXA1 Splice_Site hit 1	HR-/HER2+
BRCA-0142	PIK3CA	Nonsense_Mutation	BRCA-0142 PIK3CA Nonsense_Mutation hit 1	HR+/HER2-
BRCA-0143	TP53	Missense_Mutation	BRCA-0143 TP53 Missense_Mutation hit 1	HR-/HER2+
BRCA-0143	GATA3	Splice_Site	BRCA-0143 GATA3 Splice_Site hit 1	HR-/HER2+
BRCA-0144	SPTA1	Frame_Shift_Ins	BRCA-0144 SPTA1 Frame_Shift_Ins hit 1	HR-/HER2+
BRCA-0144	ERBB2	Missense_Mutation	BRCA-0144 ERBB2 Missense_Mutation hit 1	HR-/HER2+
BRCA-0145	EGFR	Missense_Mutation	BRCA-0145 EGFR Missense_Mutation hit 1	HR+/HER2+
BRCA-0147	TP53	Missense_Mutation	BRCA-0147 TP53 Missense_Mutation hit 1	HR+/HER2+
BRCA-0147	NCOR1	Missense_Mutation	BRCA-0147 NCOR1 Missense_Mutation hit 1	HR+/HER2+
BRCA-0148	PIK3CA	Missense_Mutation	BRCA-0148 PIK3CA Missense_Mutation hit 1	HR+/HER2-
BRCA-0148	TP53	Missense_Mutation	BRCA-0148 TP53 Missense_Mutation hit 1	HR+/HER2-
BRCA-0148	GATA3	Missense_Mutation	BRCA-0148 GATA3 Missense_Mutation hit 1	HR+/HER2-
BRCA-0149	PIK3CA	Frame_Shift_Del	BRCA-0149 PIK3CA Frame_Shift_Del hit 1	HR+/HER2+
BRCA-0149	TP53	Missense_Mutation	BRCA-0149 TP53 Missense_Mutation hit 1	HR+/HER2+
BRCA-0149	GATA3	Missense_Mutation	BRCA-0149 GATA3 Missense_Mutation hit 1	HR+/HER2+
BRCA-0150	PIK3CA	Missense_Mutation	BRCA-0150 PIK3CA Missense_Mutation hit 1	HR-/HER2+
BRCA-0150	CDH1	Missense_Mutation	BRCA-0150 CDH1 Missense_Mutation hit 1	HR-/HER2+
BRCA-0151	ZFHX4	Missense_Mutation	BRCA-0151 ZFHX4 Missense_Mutation hit 1	HR-/HER2+
BRCA-0152	PIK3CA	Missense_Mutation	BRCA-0152 PIK3CA Missense_Mutation hit 1	HR+/HER2+
BRCA-0152	GATA3	Missense_Mutation	BRCA-0152 GATA3 Missense_Mutation hit 1	HR+/HER2+
BRCA-0152	NF1	Frame_Shift_Del	BRCA-0152 NF1 Frame_Shift_Del hit 1	HR+/HER2+
BRCA-0153	PIK3CA	Missense_Mutation	BRCA-0153 PIK3CA Missense_Mutation hit 1	HR+/HER2+
BRCA-0153	TP53	Missense_Mutation	BRCA-0153 TP53 Missense_Mutation hit 1	HR+/HER2+
BRCA-0153	NCOR1	Missense_Mutation	BRCA-0153 NCOR1 Missense_Mutation hit 1	HR+/HER2+
BRCA-0153	MYC	Missense_Mutation	BRCA-0153 MYC Missense_Mutation hit 1	HR+/HER2+
BRCA-0154	GATA3	Frame_Shift_Ins	BRCA-0154 GATA3 Frame_Shift_Ins hit 1	HR+/HER2-
BRCA-0154	MAP3K1	Nonsense_Mutation	BRCA-0154 MAP3K1 Nonsense_Mutation hit 1	HR+/HER2-
BRCA-0154	PTEN	Missense_Mutation	BRCA-0154 PTEN Missense_Mutation hit 1	HR+/HER2-
BRCA-0155	ABCA13	Frame_Shift_Ins	BRCA-0155 ABCA13 Frame_Shift_Ins hit 1	HR-/HER2-
BRCA-0155	FOXA1	Missense_Mutation	BRCA-0155 FOXA1 Missense_Mutation hit 1	HR-/HER2-
BRCA-0155	NCOR1	Splice_Site	BRCA-0155 NCOR1 Splice_Site hit 1	HR-/HER2-
BRCA-0156	PIK3CA	Missense_Mutation	BRCA-0156 PIK3CA Missense_Mutation hit 1	HR-/HER2-
BRCA-0156	TP53	Missense_Mutation	BRCA-0156 TP53 Missense_Mutation hit 1	HR-/HER2-
BRCA-0156	GATA3	Silent	BRCA-0156 GATA3 Silent hit 1	HR-/HER2-
BRCA-0157	PIK3CA	Frame_Shift_Del	BRCA-0157 PIK3CA Frame_Shift_Del hit 1	HR-/HER2+
BRCA-0157	GATA3	Missense_Mutation	BRCA-0157 GATA3 Missense_Mutation hit 1	HR-/HER2+
BRCA-0157	CCND1	Missense_Mutation	BRCA-0157 CCND1 Missense_Mutation hit 1	HR-/HER2+
BRCA-0158	PIK3CA	Missense_Mutation	BRCA-0158 PIK3CA Missense_Mutation hit 1	HR+/HER2-
BRCA-0158	GATA3	Frame_Shift_Ins	BRCA-0158 GATA3 Frame_Shift_Ins hit 1	HR+/HER2-
BRCA-0158	AKT1	Missense_Mutation	BRCA-0158 AKT1 Missense_Mutation hit 1	HR+/HER2-
BRCA-0159	TP53	Silent	BRCA-0159 TP53 Silent hit 1	HR+/HER2-
BRCA-0159	KMT2C	Splice_Site	BRCA-0159 KMT2C Splice_Site hit 1	HR+/HER2-
BRCA-0159	AKT1	Missense_Mutation	BRCA-0159 AKT1 Missense_Mutation hit 1	HR+/HER2-
BRCA-0159	MAP2K4	Silent	BRCA-0159 MAP2K4 Silent hit 1	HR+/HER2-
BRCA-0160	PIK3CA	Frame_Shift_Ins	BRCA-0160 PIK3CA Frame_Shift_Ins hit 1	HR-/HER2+
BRCA-0160	FOXA1	Nonsense_Mutation	BRCA-0160 FOXA1 Nonsense_Mutation hit 1	HR-/HER2+
BRCA-0160	ERBB2	Frame_Shift_Del	BRCA-0160 ERBB2 Frame_Shift_Del hit 1	HR-/HER2+
BRCA-0161	PIK3CA	Frame_Shift_Del	BRCA-0161 PIK3CA Frame_Shift_Del hit 1	HR+/HER2-
BRCA-0161	AKT1	Nonsense_Mutation	BRCA-0161 AKT1 Nonsense_Mutation hit 1	HR+/HER2-
BRCA-0163	CDH1	Missense_Mutation	BRCA-0163 CDH1 Missense_Mutation hit 1	HR-/HER2-
BRCA-0163	KMT2C	Missense_Mutation	BRCA-0163 KMT2C Missense_Mutation hit 1	HR-/HER2-
BRCA-0163	AKT1	Missense_Mutation	BRCA-0163 AKT1 Missense_Mutation hit 1	HR-/HER2-
BRCA-0164	PIK3CA	Intron	BRCA-0164 PIK3CA Intron hit 1	HR+/HER2-
BRCA-0164	TP53	Missense_Mutation	BRCA-0164 TP53 Missense_Mutation hit 1	HR+/HER2-
BRCA-0164	NCOR1	Splice_Site	BRCA-0164 NCOR1 Splice_Site hit 1	HR+/HER2-
BRCA-0165	MAP3K1	Intron	BRCA-0165 MAP3K1 Intron hit 1	HR+/HER2+
BRCA-0166	PIK3CA	Missense_Mutation	BRCA-0166 PIK3CA Missense_Mutation hit 1	HR-/HER2-
BRCA-0166	TP53	Frame_Shift_Ins	BRCA-0166 TP53 Frame_Shift_Ins hit 1	HR-/HER2-
BRCA-0167	PTEN	Frame_Shift_Del	BRCA-0167 PTEN Frame_Shift_Del hit 1	HR+/HER2-
BRCA-0167	FOXA1	Missense_Mutation	BRCA-0167 FOXA1 Missense_Mutation hit 1	HR+/HER2-
BRCA-0168	PIK3CA	Frame_Shift_Del	BRCA-0168 PIK3CA Frame_Shift_Del hit 1	HR-/HER2+
BRCA-0168	CCND1	Nonsense_Mutation	BRCA-0168 CCND1 Nonsense_Mutation hit 1	HR-/HER2+
BRCA-0169	PIK3CA	Missense_Mutation	BRCA-0169 PIK3CA Missense_Mutation hit 1	HR+/HER2-
BRCA-0169	TP53	Missense_Mutation	BRCA-0169 TP53 Missense_Mutation hit 1	HR+/HER2-
BRCA-0170	KMT2C	Nonsense_Mutation	BRCA-0170 KMT2C Nonsense_Mutation hit 1	HR-/HER2-
BRCA-0170	BRCA1	Nonsense_Mutation	BRCA-0170 BRCA1 Nonsense_Mutation hit 1	HR-/HER2-
BRCA-0171	TP53	Nonsense_Mutation	BRCA-0171 TP53 Nonsense_Mutation hit 1	HR-/HER2-
BRCA-0171	RB1	Missense_Mutation	BRCA-0171 RB1 Missense_Mutation hit 1	HR-/HER2-
BRCA-0172	PIK3CA	Splice_Site	BRCA-0172 PIK3CA Splice_Site hit 1	HR-/HER2-
BRCA-0172	GATA3	Silent	BRCA-0172 GATA3 Silent hit 1	HR-/HER2-
BRCA-0173	TP53	Missense_Mutation	BRCA-0173 TP53 Missense_Mutation hit 1	HR+/HER2-
BRCA-0173	GATA3	Missense_Mutation	BRCA-0173 GATA3 Missense_Mutation hit 1	HR+/HER2-
BRCA-0174	TP53	Nonsense_Mutation	BRCA-0174 TP53 Nonsense_Mutation hit 1	HR-/HER2+
BRCA-0175	PIK3CA	Nonsense_Mutation	BRCA-0175 PIK3CA Nonsense_Mutation hit 1	HR+/HER2-
BRCA-0175	PIK3CA	Nonsense_Mutation	BRCA-0175 PIK3CA Nonsense_Mutation hit 2	HR+/HER2-
BRCA-0175	MAP3K1	Nonsense_Mutation	BRCA-0175 MAP3K1 Nonsense_Mutation hit 1	HR+/HER2-
BRCA-0176	TP53	Nonsense_Mutation	BRCA-0176 TP53 Nonsense_Mutation hit 1	HR-/HER2-
BRCA-0176	RB1	Missense_Mutation	BRCA-0176 RB1 Missense_Mutation hit 1	HR-/HER2-
BRCA-0177	PIK3CA	Splice_Site	BRCA-0177 PIK3CA Splice_Site hit 1	HR+/HER2-
BRCA-0178	TP53	Missense_Mutation	BRCA-0178 TP53 Missense_Mutation hit 1	HR-/HER2-
BRCA-0178	BRCA2	Missense_Mutation	BRCA-0178 BRCA2 Missense_Mutation hit 1	HR-/HER2-
BRCA-0179	PIK3CA	Missense_Mutation	BRCA-0179 PIK3CA Missense_Mutation hit 1	HR+/HER2+
BRCA-0179	TP53	Missense_Mutation	BRCA-0179 TP53 Missense_Mutation hit 1	HR+/HER2+
BRCA-0179	GATA3	Missense_Mutation	BRCA-0179 GATA3 Missense_Mutation hit 1	HR+/HER2+
BRCA-0179	FGFR2	Splice_Site	BRCA-0179 FGFR2 Splice_Site hit 1	HR+/HER2+
BRCA-0180	PIK3CA	3'UTR	BRCA-0180 PIK3CA 3'UTR hit 1	HR+/HER2-
BRCA-0180	TP53	Missense_Mutation	BRCA-0180 TP53 Missense_Mutation hit 1	HR+/HER2-
BRCA-0181	PIK3CA	Missense_Mutation	BRCA-0181 PIK3CA Missense_Mutation hit 1	HR+/HER2-
BRCA-0181	TP53	5'UTR	BRCA-0181 TP53 5'UTR hit 1	HR+/HER2-
BRCA-0182	TP53	Missense_Mutation	BRCA-0182 TP53 Missense_Mutation hit 1	HR+/HER2-
BRCA-0182	GATA3	Missense_Mutation	BRCA-0182 GATA3 Missense_Mutation hit 1	HR+/HER2-
BRCA-0183	PIK3CA	Missense_Mutation	BRCA-0183 PIK3CA Missense_Mutation hit 1	HR+/HER2-
BRCA-0183	TP53	Missense_Mutation	BRCA-0183 TP53 Missense_Mutation hit 1	HR+/HER2-
BRCA-0184	PTEN	Splice_Site	BRCA-0184 PTEN Splice_Site hit 1	HR+/HER2+
BRCA-0185	PIK3CA	Nonsense_Mutation	BRCA-0185 PIK3CA Nonsense_Mutation hit 1	HR-/HER2-
BRCA-0186	PIK3CA	Missense_Mutation	BRCA-0186 PIK3CA Missense_Mutation hit 1	HR+/HER2+
BRCA-0186	PIK3CA	Missense_Mutation	BRCA-0186 PIK3CA Missense_Mutation hit 2	HR+/HER2+
BRCA-0186	TP53	Nonsense_Mutation	BRCA-0186 TP53 Nonsense_Mutation hit 1	HR+/HER2+
BRCA-0186	EGFR	Missense_Mutation	BRCA-0186 EGFR Missense_Mutation hit 1	HR+/HER2+
BRCA-0187	PIK3CA	Splice_Site	BRCA-0187 PIK3CA Splice_Site hit 1	HR-/HER2-
BRCA-0187	TP53	Intron	BRCA-0187 TP53 Intron hit 1	HR-/HER2-
BRCA-0188	PIK3CA	Missense_Mutation	BRCA-0188 PIK3CA Missense_Mutation hit 1	HR+/HER2+
BRCA-0188	TP53	5'UTR	BRCA-0188 TP53 5'UTR hit 1	HR+/HER2+
BRCA-0188	TP53	Missense_Mutation	BRCA-0188 TP53 Missense_Mutation hit 2	HR+/HER2+
BRCA-0188	CDH1	Missense_Mutation	BRCA-0188 CDH1 Missense_Mutation hit 1	HR+/HER2+
BRCA-0188	KMT2C	Intron	BRCA-0188 KMT2C Intron hit 1	HR+/HER2+
BRCA-0188	NF1	Missense_Mutation	BRCA-0188 NF1 Missense_Mutation hit 1	HR+/HER2+
BRCA-0188	NCOR1	Missense_Mutation	BRCA-0188 NCOR1 Missense_Mutation hit 1	HR+/HER2+
BRCA-0189	PIK3CA	Missense_Mutation	BRCA-0189 PIK3CA Missense_Mutation hit 1	HR+/HER2-
BRCA-0189	GATA3	Missense_Mutation	BRCA-0189 GATA3 Missense_Mutation hit 1	HR+/HER2-
BRCA-0189	PTEN	Frame_Shift_Del	BRCA-0189 PTEN Frame_Shift_Del hit 1	HR+/HER2-
BRCA-0190	PIK3CA	Missense_Mutation	BRCA-0190 PIK3CA Missense_Mutation hit 1	HR+/HER2-
BRCA-0191	PIK3CA	Nonsense_Mutation	BRCA-0191 PIK3CA Nonsense_Mutation hit 1	HR+/HER2-
BRCA-0191	CDH1	Missense_Mutation	BRCA-0191 CDH1 Missense_Mutation hit 1	HR+/HER2-
BRCA-0191	GATA3	Frame_Shift_Ins	BRCA-0191 GATA3 Frame_Shift_Ins hit 1	HR+/HER2-
BRCA-0191	SPTA1	Splice_Site	BRCA-0191 SPTA1 Splice_Site hit 1	HR+/HER2-
BRCA-0191	BRCA1	Nonsense_Mutation	BRCA-0191 BRCA1 Nonsense_Mutation hit 1	HR+/HER2-
BRCA-0193	TP53	Silent	BRCA-0193 TP53 Silent hit 1	HR-/HER2-
BRCA-0193	MAP3K1	Missense_Mutation	BRCA-0193 MAP3K1 Missense_Mutation hit 1	HR-/HER2-
BRCA-0193	FOXA1	Missense_Mutation	BRCA-0193 FOXA1 Missense_Mutation hit 1	HR-/HER2-
BRCA-0195	PIK3CA	Silent	BRCA-0195 PIK3CA Silent hit 1	HR-/HER2-
BRCA-0195	NF1	Nonsense_Mutation	BRCA-0195 NF1 Nonsense_Mutation hit 1	HR-/HER2-
BRCA-0197	TP53	Frame_Shift_Del	BRCA-0197 TP53 Frame_Shift_Del hit 1	HR+/HER2+
BRCA-0198	TP53	Missense_Mutation	BRCA-0198 TP53 Missense_Mutation hit 1	HR-/HER2-
BRCA-0198	KMT2C	Splice_Site	BRCA-0198 KMT2C Splice_Site hit 1	HR-/HER2-
BRCA-0198	MAP3K1	Missense_Mutation	BRCA-0198 MAP3K1 Missense_Mutation hit 1	HR-/HER2-
BRCA-0198	AKT1	Missense_Mutation	BRCA-0198 AKT1 Missense_Mutation hit 1	HR-/HER2-
BRCA-0199	PIK3CA	Missense_Mutation	BRCA-0199 PIK3CA Missense_Mutation hit 1	HR-/HER2-
BRCA-0199	TP53	Missense_Mutation	BRCA-0199 TP53 Missense_Mutation hit 1	HR-/HER2-
BRCA-0200	ABCA13	Nonsense_Mutation	BRCA-0200 ABCA13 Nonsense_Mutation hit 1	HR+/HER2-
BRCA-0200	PIK3R1	Missense_Mutation	BRCA-0200 PIK3R1 Missense_Mutation hit 1	HR+/HER2-
BRCA-0201	GATA3	Intron	BRCA-0201 GATA3 Intron hit 1	HR+/HER2+
BRCA-0201	KMT2C	Missense_Mutation	BRCA-0201 KMT2C Missense_Mutation hit 1	HR+/HER2+
BRCA-0201	PTEN	Frame_Shift_Del	BRCA-0201 PTEN Frame_Shift_Del hit 1	HR+/HER2+
BRCA-0201	BRCA1	Nonsense_Mutation	BRCA-0201 BRCA1 Nonsense_Mutation hit 1	HR+/HER2+
BRCA-0202	KMT2C	Intron	BRCA-0202 KMT2C Intron hit 1	HR+/HER2-
BRCA-0203	PIK3CA	Frame_Shift_Ins	BRCA-0203 PIK3CA Frame_Shift_Ins hit 1	HR-/HER2-
BRCA-0204	TP53	Missense_Mutation	BRCA-0204 TP53 Missense_Mutation hit 1	HR-/HER2-
BRCA-0204	GATA3	Missense_Mutation	BRCA-0204 GATA3 Missense_Mutation hit 1	HR-/HER2-
BRCA-0205	PIK3CA	Frame_Shift_Ins	BRCA-0205 PIK3CA Frame_Shift_Ins hit 1	HR+/HER2+
BRCA-0205	BRAF	Missense_Mutation	BRCA-0205 BRAF Missense_Mutation hit 1	HR+/HER2+
BRCA-0207	PIK3CA	Missense_Mutation	BRCA-0207 PIK3CA Missense_Mutation hit 1	HR+/HER2+
BRCA-0207	TP53	Missense_Mutation	BRCA-0207 TP53 Missense_Mutation hit 1	HR+/HER2+
BRCA-0207	SPTA1	Nonsense_Mutation	BRCA-0207 SPTA1 Nonsense_Mutation hit 1	HR+/HER2+
BRCA-0207	AKT1	Missense_Mutation	BRCA-0207 AKT1 Missense_Mutation hit 1	HR+/HER2+
BRCA-0209	PIK3CA	Nonsense_Mutation	BRCA-0209 PIK3CA Nonsense_Mutation hit 1	HR-/HER2-
BRCA-0209	CDH1	Missense_Mutation	BRCA-0209 CDH1 Missense_Mutation hit 1	HR-/HER2-
BRCA-0209	MAP3K1	Missense_Mutation	BRCA-0209 MAP3K1 Missense_Mutation hit 1	HR-/HER2-
BRCA-0210	PIK3CA	Missense_Mutation	BRCA-0210 PIK3CA Missense_Mutation hit 1	HR-/HER2+
BRCA-0211	MAP2K4	Missense_Mutation	BRCA-0211 MAP2K4 Missense_Mutation hit 1	HR+/HER2-
BRCA-0212	TP53	Missense_Mutation	BRCA-0212 TP53 Missense_Mutation hit 1	HR+/HER2-
BRCA-0213	TP53	Missense_Mutation	BRCA-0213 TP53 Missense_Mutation hit 1	HR+/HER2-
BRCA-0213	BRCA2	Missense_Mutation	BRCA-0213 BRCA2 Missense_Mutation hit 1	HR+/HER2-
BRCA-0214	GATA3	Missense_Mutation	BRCA-0214 GATA3 Missense_Mutation hit 1	HR+/HER2+
BRCA-0215	KMT2C	Missense_Mutation	BRCA-0215 KMT2C Missense_Mutation hit 1	HR-/HER2+
BRCA-0216	PIK3CA	Frame_Shift_Del	BRCA-0216 PIK3CA Frame_Shift_Del hit 1	HR-/HER2-
BRCA-0216	TP53	Missense_Mutation	BRCA-0216 TP53 Missense_Mutation hit 1	HR-/HER2-
BRCA-0216	RB1	Missense_Mutation	BRCA-0216 RB1 Missense_Mutation hit 1	HR-/HER2-
BRCA-0217	PIK3CA	Missense_Mutation	BRCA-0217 PIK3CA Missense_Mutation hit 1	HR-/HER2-
BRCA-0217	TP53	Splice_Site	BRCA-0217 TP53 Splice_Site hit 1	HR-/HER2-
BRCA-0217	ABCA13	Missense_Mutation	BRCA-0217 ABCA13 Missense_Mutation hit 1	HR-/HER2-
BRCA-0218	PIK3CA	Intron	BRCA-0218 PIK3CA Intron hit 1	HR-/HER2+
BRCA-0218	CDH1	Nonsense_Mutation	BRCA-0218 CDH1 Nonsense_Mutation hit 1	HR-/HER2+
BRCA-0219	ABCA13	Missense_Mutation	BRCA-0219 ABCA13 Missense_Mutation hit 1	HR+/HER2+
BRCA-0219	EGFR	Missense_Mutation	BRCA-0219 EGFR Missense_Mutation hit 1	HR+/HER2+
BRCA-0220	ZFHX4	3'UTR	BRCA-0220 ZFHX4 3'UTR hit 1	HR-/HER2-
BRCA-0222	PIK3CA	Missense_Mutation	BRCA-0222 PIK3CA Missense_Mutation hit 1	HR-/HER2+
BRCA-0222	TP53	Missense_Mutation	BRCA-0222 TP53 Missense_Mutation hit 1	HR-/HER2+
BRCA-0223	PIK3CA	Missense_Mutation	BRCA-0223 PIK3CA Missense_Mutation hit 1	HR+/HER2-
BRCA-0223	CDH1	Intron	BRCA-0223 CDH1 Intron hit 1	HR+/HER2-
BRCA-0224	PIK3CA	Missense_Mutation	BRCA-0224 PIK3CA Missense_Mutation hit 1	HR+/HER2-
BRCA-0225	EGFR	Frame_Shift_Del	BRCA-0225 EGFR Frame_Shift_Del hit 1	HR+/HER2+
BRCA-0226	FOXA1	Missense_Mutation	BRCA-0226 FOXA1 Missense_Mutation hit 1	HR-/HER2-
BRCA-0227	PIK3CA	Intron	BRCA-0227 PIK3CA Intron hit 1	HR-/HER2-
BRCA-0228	PIK3CA	Missense_Mutation	BRCA-0228 PIK3CA Missense_Mutation hit 1	HR+/HER2-
BRCA-0228	TP53	3'UTR	BRCA-0228 TP53 3'UTR hit 1	HR+/HER2-
BRCA-0228	KMT2C	Missense_Mutation	BRCA-0228 KMT2C Missense_Mutation hit 1	HR+/HER2-
BRCA-0228	MYC	Missense_Mutation	BRCA-0228 MYC Missense_Mutation hit 1	HR+/HER2-
BRCA-0229	PIK3CA	Missense_Mutation	BRCA-0229 PIK3CA Missense_Mutation hit 1	HR+/HER2-
BRCA-0229	SPTA1	Splice_Site	BRCA-0229 SPTA1 Splice_Site hit 1	HR+/HER2-
BRCA-0232	PIK3CA	5'UTR	BRCA-0232 PIK3CA 5'UTR hit 1	HR+/HER2-
BRCA-0232	FOXA1	Frame_Shift_Del	BRCA-0232 FOXA1 Frame_Shift_Del hit 1	HR+/HER2-
BRCA-0233	CCND1	Missense_Mutation	BRCA-0233 CCND1 Missense_Mutation hit 1	HR-/HER2+
BRCA-0235	PIK3CA	Missense_Mutation	BRCA-0235 PIK3CA Missense_Mutation hit 1	HR+/HER2-
BRCA-0236	PIK3CA	Missense_Mutation	BRCA-0236 PIK3CA Missense_Mutation hit 1	HR+/HER2-
BRCA-0237	CDH1	Splice_Site	BRCA-0237 CDH1 Splice_Site hit 1	HR+/HER2-
BRCA-0237	GATA3	Missense_Mutation	BRCA-0237 GATA3 Missense_Mutation hit 1	HR+/HER2-
BRCA-0237	MAP3K1	Missense_Mutation	BRCA-0237 MAP3K1 Missense_Mutation hit 1	HR+/HER2-
BRCA-0237	SPTA1	Missense_Mutation	BRCA-0237 SPTA1 Missense_Mutation hit 1	HR+/HER2-
BRCA-0237	ABCA13	Missense_Mutation	BRCA-0237 ABCA13 Missense_Mutation hit 1	HR+/HER2-
BRCA-0238	TP53	Splice_Site	BRCA-0238 TP53 Splice_Site hit 1	HR-/HER2-
BRCA-0238	CDH1	Missense_Mutation	BRCA-0238 CDH1 Missense_Mutation hit 1	HR-/HER2-
BRCA-0238	KMT2C	Frame_Shift_Del	BRCA-0238 KMT2C Frame_Shift_Del hit 1	HR-/HER2-
BRCA-0238	RB1	Frame_Shift_Del	BRCA-0238 RB1 Frame_Shift_Del hit 1	HR-/HER2-
BRCA-0239	PIK3CA	Missense_Mutation	BRCA-0239 PIK3CA Missense_Mutation hit 1	HR+/HER2-
BRCA-0239	CDH1	Nonsense_Mutation	BRCA-0239 CDH1 Nonsense_Mutation hit 1	HR+/HER2-
BRCA-0240	PIK3CA	Missense_Mutation	BRCA-0240 PIK3CA Missense_Mutation hit 1	HR+/HER2-
BRCA-0240	TP53	Silent	BRCA-0240 TP53 Silent hit 1	HR+/HER2-
BRCA-0240	PIK3R1	Silent	BRCA-0240 PIK3R1 Silent hit 1	HR+/HER2-
BRCA-0241	KMT2C	Missense_Mutation	BRCA-0241 KMT2C Missense_Mutation hit 1	HR+/HER2-
BRCA-0241	ZFHX4	Nonsense_Mutation	BRCA-0241 ZFHX4 Nonsense_Mutation hit 1	HR+/HER2-
BRCA-0241	FOXA1	Frame_Shift_Del	BRCA-0241 FOXA1 Frame_Shift_Del hit 1	HR+/HER2-
BRCA-0242	PIK3CA	Missense_Mutation	BRCA-0242 PIK3CA Missense_Mutation hit 1	HR-/HER2-
BRCA-0242	TP53	Missense_Mutation	BRCA-0242 TP53 Missense_Mutation hit 1	HR-/HER2-
BRCA-0242	KMT2C	Missense_Mutation	BRCA-0242 KMT2C Missense_Mutation hit 1	HR-/HER2-
BRCA-0242	MAP3K1	Missense_Mutation	BRCA-0242 MAP3K1 Missense_Mutation hit 1	HR-/HER2-
BRCA-0242	MAP3K1	Nonsense_Mutation	BRCA-0242 MAP3K1 Nonsense_Mutation hit 2	HR-/HER2-
BRCA-0242	BRCA1	Nonsense_Mutation	BRCA-0242 BRCA1 Nonsense_Mutation hit 1	HR-/HER2-
BRCA-0243	PIK3CA	Missense_Mutation	BRCA-0243 PIK3CA Missense_Mutation hit 1	HR+/HER2-
BRCA-0243	AKT1	Missense_Mutation	BRCA-0243 AKT1 Missense_Mutation hit 1	HR+/HER2-
BRCA-0243	CCND1	Missense_Mutation	BRCA-0243 CCND1 Missense_Mutation hit 1	HR+/HER2-
BRCA-0244	TP53	Nonsense_Mutation	BRCA-0244 TP53 Nonsense_Mutation hit 1	HR-/HER2+
BRCA-0244	AKT1	Splice_Site	BRCA-0244 AKT1 Splice_Site hit 1	HR-/HER2+
BRCA-0244	NF1	5'UTR	BRCA-0244 NF1 5'UTR hit 1	HR-/HER2+
BRCA-0244	ERBB2	Missense_Mutation	BRCA-0244 ERBB2 Missense_Mutation hit 1	HR-/HER2+
BRCA-0244	EGFR	Nonsense_Mutation	BRCA-0244 EGFR Nonsense_Mutation hit 1	HR-/HER2+
BRCA-0245	PIK3CA	Missense_Mutation	BRCA-0245 PIK3CA Missense_Mutation hit 1	HR-/HER2-
BRCA-0245	KMT2C	Silent	BRCA-0245 KMT2C Silent hit 1	HR-/HER2-
BRCA-0246	PIK3CA	Missense_Mutation	BRCA-0246 PIK3CA Missense_Mutation hit 1	HR+/HER2-
BRCA-0246	CDH1	3'UTR	BRCA-0246 CDH1 3'UTR hit 1	HR+/HER2-
BRCA-0246	GATA3	Nonsense_Mutation	BRCA-0246 GATA3 Nonsense_Mutation hit 1	HR+/HER2-
BRCA-0246	ABCA13	Nonsense_Mutation	BRCA-0246 ABCA13 Nonsense_Mutation hit 1	HR+/HER2-
BRCA-0247	PIK3CA	3'UTR	BRCA-0247 PIK3CA 3'UTR hit 1	HR-/HER2-
BRCA-0247	TP53	Missense_Mutation	BRCA-0247 TP53 Missense_Mutation hit 1	HR-/HER2-
BRCA-0248	TP53	Missense_Mutation	BRCA-0248 TP53 Missense_Mutation hit 1	HR+/HER2-
BRCA-0248	ABCA13	Missense_Mutation	BRCA-0248 ABCA13 Missense_Mutation hit 1	HR+/HER2-
BRCA-0249	PIK3CA	Missense_Mutation	BRCA-0249 PIK3CA Missense_Mutation hit 1	HR+/HER2-
BRCA-0251	PIK3CA	3'UTR	BRCA-0251 PIK3CA 3'UTR hit 1	HR-/HER2-
BRCA-0251	MYC	Nonsense_Mutation	BRCA-0251 MYC Nonsense_Mutation hit 1	HR-/HER2-
BRCA-0251	MYC	Missense_Mutation	BRCA-0251 MYC Missense_Mutation hit 2	HR-/HER2-
BRCA-0252	PIK3CA	Missense_Mutation	BRCA-0252 PIK3CA Missense_Mutation hit 1	HR-/HER2-
BRCA-0252	TP53	Splice_Site	BRCA-0252 TP53 Splice_Site hit 1	HR-/HER2-
BRCA-0253	PIK3CA	Frame_Shift_Ins	BRCA-0253 PIK3CA Frame_Shift_Ins hit 1	HR+/HER2-
BRCA-0253	CDH1	Splice_Site	BRCA-0253 CDH1 Splice_Site hit 1	HR+/HER2-
BRCA-0253	ZFHX4	3'UTR	BRCA-0253 ZFHX4 3'UTR hit 1	HR+/HER2-
BRCA-0255	CDH1	Missense_Mutation	BRCA-0255 CDH1 Missense_Mutation hit 1	HR+/HER2+
BRCA-0255	KMT2C	Missense_Mutation	BRCA-0255 KMT2C Missense_Mutation hit 1	HR+/HER2+
BRCA-0256	PIK3CA	Missense_Mutation	BRCA-0256 PIK3CA Missense_Mutation hit 1	HR+/HER2-
BRCA-0256	CDH1	Missense_Mutation	BRCA-0256 CDH1 Missense_Mutation hit 1	HR+/HER2-
BRCA-0256	MAP3K1	Splice_Site	BRCA-0256 MAP3K1 Splice_Site hit 1	HR+/HER2-
BRCA-0256	FOXA1	Frame_Shift_Del	BRCA-0256 FOXA1 Frame_Shift_Del hit 1	HR+/HER2-
BRCA-0256	EGFR	Missense_Mutation	BRCA-0256 EGFR Missense_Mutation hit 1	HR+/HER2-
BRCA-0258	TP53	Missense_Mutation	BRCA-0258 TP53 Missense_Mutation hit 1	HR+/HER2-
BRCA-0258	GATA3	Frame_Shift_Del	BRCA-0258 GATA3 Frame_Shift_Del hit 1	HR+/HER2-
BRCA-0259	TP53	Missense_Mutation	BRCA-0259 TP53 Missense_Mutation hit 1	HR-/HER2-
BRCA-0259	CDH1	Splice_Site	BRCA-0259 CDH1 Splice_Site hit 1	HR-/HER2-
BRCA-0259	MAP2K4	Missense_Mutation	BRCA-0259 MAP2K4 Missense_Mutation hit 1	HR-/HER2-
BRCA-0260	PIK3CA	Missense_Mutation	BRCA-0260 PIK3CA Missense_Mutation hit 1	HR+/HER2+
BRCA-0260	TP53	Missense_Mutation	BRCA-0260 TP53 Missense_Mutation hit 1	HR+/HER2+
BRCA-0260	CDH1	5'UTR	BRCA-0260 CDH1 5'UTR hit 1	HR+/HER2+
BRCA-0260	RB1	Missense_Mutation	BRCA-0260 RB1 Missense_Mutation hit 1	HR+/HER2+
BRCA-0261	PIK3CA	Missense_Mutation	BRCA-0261 PIK3CA Missense_Mutation hit 1	HR+/HER2-
BRCA-0262	TP53	Splice_Site	BRCA-0262 TP53 Splice_Site hit 1	HR-/HER2-
BRCA-0263	PIK3CA	Missense_Mutation	BRCA-0263 PIK3CA Missense_Mutation hit 1	HR-/HER2+
BRCA-0263	CDH1	Missense_Mutation	BRCA-0263 CDH1 Missense_Mutation hit 1	HR-/HER2+
BRCA-0264	TP53	Missense_Mutation	BRCA-0264 TP53 Missense_Mutation hit 1	HR-/HER2-
BRCA-0266	PIK3CA	Missense_Mutation	BRCA-0266 PIK3CA Missense_Mutation hit 1	HR-/HER2+
BRCA-0267	GATA3	Frame_Shift_Ins	BRCA-0267 GATA3 Frame_Shift_Ins hit 1	HR-/HER2+
BRCA-0267	ZFHX4	Missense_Mutation	BRCA-0267 ZFHX4 Missense_Mutation hit 1	HR-/HER2+
BRCA-0267	PTEN	Missense_Mutation	BRCA-0267 PTEN Missense_Mutation hit 1	HR-/HER2+
BRCA-0268	PIK3CA	Missense_Mutation	BRCA-0268 PIK3CA Missense_Mutation hit 1	HR+/HER2-
BRCA-0268	TP53	Missense_Mutation	BRCA-0268 TP53 Missense_Mutation hit 1	HR+/HER2-
BRCA-0268	CDH1	Missense_Mutation	BRCA-0268 CDH1 Missense_Mutation hit 1	HR+/HER2-
BRCA-0268	BRCA2	Splice_Site	BRCA-0268 BRCA2 Splice_Site hit 1	HR+/HER2-
BRCA-0268	AKT1	3'UTR	BRCA-0268 AKT1 3'UTR hit 1	HR+/HER2-
BRCA-0269	FGFR2	Missense_Mutation	BRCA-0269 FGFR2 Missense_Mutation hit 1	HR-/HER2-
BRCA-0270	PIK3CA	Missense_Mutation	BRCA-0270 PIK3CA Missense_Mutation hit 1	HR+/HER2-
BRCA-0270	KMT2C	Missense_Mutation	BRCA-0270 KMT2C Missense_Mutation hit 1	HR+/HER2-
BRCA-0271	PIK3CA	Missense_Mutation	BRCA-0271 PIK3CA Missense_Mutation hit 1	HR+/HER2-
BRCA-0271	KMT2C	Missense_Mutation	BRCA-0271 KMT2C Missense_Mutation hit 1	HR+/HER2-
BRCA-0272	CCND1	Frame_Shift_Del	BRCA-0272 CCND1 Frame_Shift_Del hit 1	HR-/HER2-
BRCA-0273	BRAF	Missense_Mutation	BRCA-0273 BRAF Missense_Mutation hit 1	HR-/HER2+
BRCA-0274	MAP3K1	Missense_Mutation	BRCA-0274 MAP3K1 Missense_Mutation hit 1	HR+/HER2-
BRCA-0274	MAP2K4	Missense_Mutation	BRCA-0274 MAP2K4 Missense_Mutation hit 1	HR+/HER2-
BRCA-0275	PIK3CA	Missense_Mutation	BRCA-0275 PIK3CA Missense_Mutation hit 1	HR+/HER2-
BRCA-0275	TP53	Missense_Mutation	BRCA-0275 TP53 Missense_Mutation hit 1	HR+/HER2-
BRCA-0276	PIK3CA	Intron	BRCA-0276 PIK3CA Intron hit 1	HR+/HER2-
BRCA-0276	TP53	Missense_Mutation	BRCA-0276 TP53 Missense_Mutation hit 1	HR+/HER2-
BRCA-0276	NF1	Silent	BRCA-0276 NF1 Silent hit 1	HR+/HER2-
BRCA-0277	FOXA1	Nonsense_Mutation	BRCA-0277 FOXA1 Nonsense_Mutation hit 1	HR+/HER2-
BRCA-0278	PIK3CA	Frame_Shift_Del	BRCA-0278 PIK3CA Frame_Shift_Del hit 1	HR+/HER2-
BRCA-0278	CDH1	Frame_Shift_Del	BRCA-0278 CDH1 Frame_Shift_Del hit 1	HR+/HER2-
BRCA-0278	SPTA1	Silent	BRCA-0278 SPTA1 Silent hit 1	HR+/HER2-
BRCA-0280	PIK3CA	Nonsense_Mutation	BRCA-0280 PIK3CA Nonsense_Mutation hit 1	HR+/HER2+
BRCA-0280	PTEN	Missense_Mutation	BRCA-0280 PTEN Missense_Mutation hit 1	HR+/HER2+
BRCA-0280	BRCA1	Frame_Shift_Del	BRCA-0280 BRCA1 Frame_Shift_Del hit 1	HR+/HER2+
BRCA-0281	TP53	Missense_Mutation	BRCA-0281 TP53 Missense_Mutation hit 1	HR+/HER2-
BRCA-0281	PIK3R1	Missense_Mutation	BRCA-0281 PIK3R1 Missense_Mutation hit 1	HR+/HER2-
BRCA-0283	PIK3CA	Missense_Mutation	BRCA-0283 PIK3CA Missense_Mutation hit 1	HR+/HER2-
BRCA-0283	TP53	Missense_Mutation	BRCA-0283 TP53 Missense_Mutation hit 1	HR+/HER2-
BRCA-0283	CDH1	Splice_Site	BRCA-0283 CDH1 Splice_Site hit 1	HR+/HER2-
BRCA-0284	PIK3CA	Frame_Shift_Del	BRCA-0284 PIK3CA Frame_Shift_Del hit 1	HR-/HER2-
BRCA-0284	TP53	Missense_Mutation	BRCA-0284 TP53 Missense_Mutation hit 1	HR-/HER2-
BRCA-0285	TP53	Missense_Mutation	BRCA-0285 TP53 Missense_Mutation hit 1	HR-/HER2-
BRCA-0285	SPTA1	Missense_Mutation	BRCA-0285 SPTA1 Missense_Mutation hit 1	HR-/HER2-
BRCA-0286	PIK3CA	Nonsense_Mutation	BRCA-0286 PIK3CA Nonsense_Mutation hit 1	HR+/HER2-
BRCA-0286	TP53	Missense_Mutation	BRCA-0286 TP53 Missense_Mutation hit 1	HR+/HER2-
BRCA-0286	MAP3K1	Missense_Mutation	BRCA-0286 MAP3K1 Missense_Mutation hit 1	HR+/HER2-
BRCA-0287	PIK3CA	Missense_Mutation	BRCA-0287 PIK3CA Missense_Mutation hit 1	HR+/HER2-
BRCA-0287	TP53	Missense_Mutation	BRCA-0287 TP53 Missense_Mutation hit 1	HR+/HER2-
BRCA-0287	CDH1	Silent	BRCA-0287 CDH1 Silent hit 1	HR+/HER2-
BRCA-0287	AKT1	Intron	BRCA-0287 AKT1 Intron hit 1	HR+/HER2-
BRCA-0288	PIK3CA	Nonsense_Mutation	BRCA-0288 PIK3CA Nonsense_Mutation hit 1	HR+/HER2-
BRCA-0289	TP53	Frame_Shift_Ins	BRCA-0289 TP53 Frame_Shift_Ins hit 1	HR-/HER2-
BRCA-0290	TP53	Missense_Mutation	BRCA-0290 TP53 Missense_Mutation hit 1	HR-/HER2-
BRCA-0290	NCOR1	Missense_Mutation	BRCA-0290 NCOR1 Missense_Mutation hit 1	HR-/HER2-
BRCA-0290	BRAF	Splice_Site	BRCA-0290 BRAF Splice_Site hit 1	HR-/HER2-
BRCA-0291	PIK3CA	Missense_Mutation	BRCA-0291 PIK3CA Missense_Mutation hit 1	HR+/HER2-
BRCA-0291	TP53	Missense_Mutation	BRCA-0291 TP53 Missense_Mutation hit 1	HR+/HER2-
BRCA-0291	BRCA2	3'UTR	BRCA-0291 BRCA2 3'UTR hit 1	HR+/HER2-
BRCA-0291	NF1	Missense_Mutation	BRCA-0291 NF1 Missense_Mutation hit 1	HR+/HER2-
BRCA-0292	PIK3CA	Missense_Mutation	BRCA-0292 PIK3CA Missense_Mutation hit 1	HR-/HER2-
BRCA-0292	TP53	Frame_Shift_Del	BRCA-0292 TP53 Frame_Shift_Del hit 1	HR-/HER2-
BRCA-0292	TP53	Silent	BRCA-0292 TP53 Silent hit 2	HR-/HER2-
BRCA-0292	MAP3K1	Frame_Shift_Ins	BRCA-0292 MAP3K1 Frame_Shift_Ins hit 1	HR-/HER2-
BRCA-0292	BRCA2	Nonsense_Mutation	BRCA-0292 BRCA2 Nonsense_Mutation hit 1	HR-/HER2-
BRCA-0292	EGFR	Silent	BRCA-0292 EGFR Silent hit 1	HR-/HER2-
BRCA-0293	ABCA13	Missense_Mutation	BRCA-0293 ABCA13 Missense_Mutation hit 1	HR+/HER2-
BRCA-0293	ABCA13	Missense_Mutation	BRCA-0293 ABCA13 Missense_Mutation hit 2	HR+/HER2-
BRCA-0293	BRAF	Nonsense_Mutation	BRCA-0293 BRAF Nonsense_Mutation hit 1	HR+/HER2-
BRCA-0293	BRAF	Missense_Mutation	BRCA-0293 BRAF Missense_Mutation hit 2	HR+/HER2-
BRCA-0295	TP53	Nonsense_Mutation	BRCA-0295 TP53 Nonsense_Mutation hit 1	HR+/HER2+
BRCA-0295	KMT2C	Frame_Shift_Del	BRCA-0295 KMT2C Frame_Shift_Del hit 1	HR+/HER2+
BRCA-0295	KMT2C	Intron	BRCA-0295 KMT2C Intron hit 2	HR+/HER2+
BRCA-0296	PIK3CA	3'UTR	BRCA-0296 PIK3CA 3'UTR hit 1	HR+/HER2-
BRCA-0297	PIK3CA	Missense_Mutation	BRCA-0297 PIK3CA Missense_Mutation hit 1	HR+/HER2+
BRCA-0297	TP53	Splice_Site	BRCA-0297 TP53 Splice_Site hit 1	HR+/HER2+
BRCA-0298	GATA3	Missense_Mutation	BRCA-0298 GATA3 Missense_Mutation hit 1	HR+/HER2+
BRCA-0299	TP53	Missense_Mutation	BRCA-0299 TP53 Missense_Mutation hit 1	HR+/HER2-
BRCA-0300	TP53	Missense_Mutation	BRCA-0300 TP53 Missense_Mutation hit 1	HR-/HER2+
BRCA-0301	GATA3	Missense_Mutation	BRCA-0301 GATA3 Missense_Mutation hit 1	HR-/HER2-
BRCA-0301	MAP3K1	Missense_Mutation	BRCA-0301 MAP3K1 Missense_Mutation hit 1	HR-/HER2-
BRCA-0301	ZFHX4	Missense_Mutation	BRCA-0301 ZFHX4 Missense_Mutation hit 1	HR-/HER2-
BRCA-0302	TP53	Splice_Site	BRCA-0302 TP53 Splice_Site hit 1	HR+/HER2-
BRCA-0302	CDH1	Nonsense_Mutation	BRCA-0302 CDH1 Nonsense_Mutation hit 1	HR+/HER2-
BRCA-0302	RB1	Missense_Mutation	BRCA-0302 RB1 Missense_Mutation hit 1	HR+/HER2-
BRCA-0303	PIK3CA	Missense_Mutation	BRCA-0303 PIK3CA Missense_Mutation hit 1	HR+/HER2-
BRCA-0303	MAP3K1	Splice_Site	BRCA-0303 MAP3K1 Splice_Site hit 1	HR+/HER2-
BRCA-0303	SPTA1	Splice_Site	BRCA-0303 SPTA1 Splice_Site hit 1	HR+/HER2-
BRCA-0304	PIK3CA	Nonsense_Mutation	BRCA-0304 PIK3CA Nonsense_Mutation hit 1	HR-/HER2+
BRCA-0304	TP53	Frame_Shift_Del	BRCA-0304 TP53 Frame_Shift_Del hit 1	HR-/HER2+
BRCA-0304	CDH1	Nonsense_Mutation	BRCA-0304 CDH1 Nonsense_Mutation hit 1	HR-/HER2+
BRCA-0304	GATA3	Splice_Site	BRCA-0304 GATA3 Splice_Site hit 1	HR-/HER2+
BRCA-0304	BRCA1	Silent	BRCA-0304 BRCA1 Silent hit 1	HR-/HER2+
BRCA-0305	TP53	Missense_Mutation	BRCA-0305 TP53 Missense_Mutation hit 1	HR+/HER2-
BRCA-0306	PIK3CA	Missense_Mutation	BRCA-0306 PIK3CA Missense_Mutation hit 1	HR+/HER2-
BRCA-0306	KMT2C	Splice_Site	BRCA-0306 KMT2C Splice_Site hit 1	HR+/HER2-
BRCA-0306	KMT2C	Missense_Mutation	BRCA-0306 KMT2C Missense_Mutation hit 2	HR+/HER2-
BRCA-0306	BRCA1	Missense_Mutation	BRCA-0306 BRCA1 Missense_Mutation hit 1	HR+/HER2-
BRCA-0307	PIK3CA	Missense_Mutation	BRCA-0307 PIK3CA Missense_Mutation hit 1	HR+/HER2-
BRCA-0307	TP53	Missense_Mutation	BRCA-0307 TP53 Missense_Mutation hit 1	HR+/HER2-
BRCA-0308	PIK3CA	Splice_Site	BRCA-0308 PIK3CA Splice_Site hit 1	HR-/HER2-
BRCA-0308	TP53	Silent	BRCA-0308 TP53 Silent hit 1	HR-/HER2-
BRCA-0308	SPTA1	Missense_Mutation	BRCA-0308 SPTA1 Missense_Mutation hit 1	HR-/HER2-
BRCA-0308	PTEN	Frame_Shift_Del	BRCA-0308 PTEN Frame_Shift_Del hit 1	HR-/HER2-
BRCA-0308	BRCA2	Splice_Site	BRCA-0308 BRCA2 Splice_Site hit 1	HR-/HER2-
BRCA-0308	ERBB2	Missense_Mutation	BRCA-0308 ERBB2 Missense_Mutation hit 1	HR-/HER2-
BRCA-0309	CDH1	Splice_Site	BRCA-0309 CDH1 Splice_Site hit 1	HR+/HER2-
BRCA-0310	PIK3CA	Missense_Mutation	BRCA-0310 PIK3CA Missense_Mutation hit 1	HR+/HER2-
BRCA-0310	CDH1	Splice_Site	BRCA-0310 CDH1 Splice_Site hit 1	HR+/HER2-
BRCA-0310	GATA3	Intron	BRCA-0310 GATA3 Intron hit 1	HR+/HER2-
BRCA-0310	KMT2C	Nonsense_Mutation	BRCA-0310 KMT2C Nonsense_Mutation hit 1	HR+/HER2-
BRCA-0310	SPTA1	Frame_Shift_Ins	BRCA-0310 SPTA1 Frame_Shift_Ins hit 1	HR+/HER2-
BRCA-0311	PIK3CA	Missense_Mutation	BRCA-0311 PIK3CA Missense_Mutation hit 1	HR+/HER2-
BRCA-0311	CDH1	Missense_Mutation	BRCA-0311 CDH1 Missense_Mutation hit 1	HR+/HER2-
BRCA-0311	GATA3	Missense_Mutation	BRCA-0311 GATA3 Missense_Mutation hit 1	HR+/HER2-
BRCA-0312	PIK3CA	Nonsense_Mutation	BRCA-0312 PIK3CA Nonsense_Mutation hit 1	HR+/HER2-
BRCA-0313	PIK3CA	Nonsense_Mutation	BRCA-0313 PIK3CA Nonsense_Mutation hit 1	HR+/HER2-
BRCA-0313	AKT1	Missense_Mutation	BRCA-0313 AKT1 Missense_Mutation hit 1	HR+/HER2-
BRCA-0314	KMT2C	Intron	BRCA-0314 KMT2C Intron hit 1	HR-/HER2-
BRCA-0314	SPTA1	Missense_Mutation	BRCA-0314 SPTA1 Missense_Mutation hit 1	HR-/HER2-
BRCA-0315	BRCA2	Missense_Mutation	BRCA-0315 BRCA2 Missense_Mutation hit 1	HR+/HER2+
BRCA-0316	TP53	Frame_Shift_Ins	BRCA-0316 TP53 Frame_Shift_Ins hit 1	HR+/HER2+
BRCA-0316	GATA3	Missense_Mutation	BRCA-0316 GATA3 Missense_Mutation hit 1	HR+/HER2+
BRCA-0317	GATA3	Missense_Mutation	BRCA-0317 GATA3 Missense_Mutation hit 1	HR+/HER2-
BRCA-0318	TP53	Missense_Mutation	BRCA-0318 TP53 Missense_Mutation hit 1	HR+/HER2-
BRCA-0319	PIK3CA	Silent	BRCA-0319 PIK3CA Silent hit 1	HR+/HER2-
BRCA-0319	GATA3	Missense_Mutation	BRCA-0319 GATA3 Missense_Mutation hit 1	HR+/HER2-
BRCA-0320	TP53	Missense_Mutation	BRCA-0320 TP53 Missense_Mutation hit 1	HR-/HER2-
BRCA-0321	AKT1	Frame_Shift_Del	BRCA-0321 AKT1 Frame_Shift_Del hit 1	HR-/HER2-
BRCA-0322	CDH1	Missense_Mutation	BRCA-0322 CDH1 Missense_Mutation hit 1	HR+/HER2-
BRCA-0322	FGFR1	Missense_Mutation	BRCA-0322 FGFR1 Missense_Mutation hit 1	HR+/HER2-
BRCA-0323	PIK3CA	Missense_Mutation	BRCA-0323 PIK3CA Missense_Mutation hit 1	HR-/HER2+
BRCA-0324	TP53	Missense_Mutation	BRCA-0324 TP53 Missense_Mutation hit 1	HR-/HER2+
BRCA-0324	GATA3	Missense_Mutation	BRCA-0324 GATA3 Missense_Mutation hit 1	HR-/HER2+
BRCA-0325	PIK3CA	Frame_Shift_Del	BRCA-0325 PIK3CA Frame_Shift_Del hit 1	HR-/HER2-
BRCA-0325	TP53	Missense_Mutation	BRCA-0325 TP53 Missense_Mutation hit 1	HR-/HER2-
BRCA-0326	MAP3K1	Missense_Mutation	BRCA-0326 MAP3K1 Missense_Mutation hit 1	HR-/HER2-
BRCA-0327	PIK3CA	Missense_Mutation	BRCA-0327 PIK3CA Missense_Mutation hit 1	HR+/HER2-
BRCA-0327	TP53	Missense_Mutation	BRCA-0327 TP53 Missense_Mutation hit 1	HR+/HER2-
BRCA-0327	FOXA1	Missense_Mutation	BRCA-0327 FOXA1 Missense_Mutation hit 1	HR+/HER2-
BRCA-0328	GATA3	Silent	BRCA-0328 GATA3 Silent hit 1	HR-/HER2-
BRCA-0328	KMT2C	Missense_Mutation	BRCA-0328 KMT2C Missense_Mutation hit 1	HR-/HER2-
BRCA-0329	PIK3CA	5'UTR	BRCA-0329 PIK3CA 5'UTR hit 1	HR+/HER2-
BRCA-0329	CDH1	Frame_Shift_Ins	BRCA-0329 CDH1 Frame_Shift_Ins hit 1	HR+/HER2-
BRCA-0330	PIK3CA	Missense_Mutation	BRCA-0330 PIK3CA Missense_Mutation hit 1	HR+/HER2-
BRCA-0331	PIK3CA	Splice_Site	BRCA-0331 PIK3CA Splice_Site hit 1	HR+/HER2-
BRCA-0331	CDH1	Missense_Mutation	BRCA-0331 CDH1 Missense_Mutation hit 1	HR+/HER2-
BRCA-0332	PIK3CA	Missense_Mutation	BRCA-0332 PIK3CA Missense_Mutation hit 1	HR-/HER2+
BRCA-0332	TP53	Missense_Mutation	BRCA-0332 TP53 Missense_Mutation hit 1	HR-/HER2+
BRCA-0332	ABCA13	Missense_Mutation	BRCA-0332 ABCA13 Missense_Mutation hit 1	HR-/HER2+
BRCA-0334	PIK3CA	Splice_Site	BRCA-0334 PIK3CA Splice_Site hit 1	HR+/HER2-
BRCA-0334	TP53	Missense_Mutation	BRCA-0334 TP53 Missense_Mutation hit 1	HR+/HER2-
BRCA-0334	SPTA1	Splice_Site	BRCA-0334 SPTA1 Splice_Site hit 1	HR+/HER2-
BRCA-0334	EGFR	Silent	BRCA-0334 EGFR Silent hit 1	HR+/HER2-
BRCA-0335	TP53	Missense_Mutation	BRCA-0335 TP53 Missense_Mutation hit 1	HR-/HER2-
BRCA-0335	SPTA1	Missense_Mutation	BRCA-0335 SPTA1 Missense_Mutation hit 1	HR-/HER2-
BRCA-0335	PTEN	Missense_Mutation	BRCA-0335 PTEN Missense_Mutation hit 1	HR-/HER2-
BRCA-0336	GATA3	Missense_Mutation	BRCA-0336 GATA3 Missense_Mutation hit 1	HR+/HER2-
BRCA-0336	BRCA2	Splice_Site	BRCA-0336 BRCA2 Splice_Site hit 1	HR+/HER2-
BRCA-0337	CDH1	3'UTR	BRCA-0337 CDH1 3'UTR hit 1	HR-/HER2+
BRCA-0337	MAP3K1	Missense_Mutation	BRCA-0337 MAP3K1 Missense_Mutation hit 1	HR-/HER2+
BRCA-0338	TP53	Nonsense_Mutation	BRCA-0338 TP53 Nonsense_Mutation hit 1	HR-/HER2-
BRCA-0339	TP53	Missense_Mutation	BRCA-0339 TP53 Missense_Mutation hit 1	HR+/HER2-
BRCA-0340	PIK3CA	Splice_Site	BRCA-0340 PIK3CA Splice_Site hit 1	HR+/HER2+
BRCA-0341	PIK3CA	Missense_Mutation	BRCA-0341 PIK3CA Missense_Mutation hit 1	HR-/HER2+
BRCA-0341	TP53	Frame_Shift_Ins	BRCA-0341 TP53 Frame_Shift_Ins hit 1	HR-/HER2+
BRCA-0341	FGFR1	Missense_Mutation	BRCA-0341 FGFR1 Missense_Mutation hit 1	HR-/HER2+
BRCA-0342	PIK3CA	Missense_Mutation	BRCA-0342 PIK3CA Missense_Mutation hit 1	HR+/HER2-
BRCA-0342	TP53	Missense_Mutation	BRCA-0342 TP53 Missense_Mutation hit 1	HR+/HER2-
BRCA-0342	BRAF	Intron	BRCA-0342 BRAF Intron hit 1	HR+/HER2-
BRCA-0343	FOXA1	Missense_Mutation	BRCA-0343 FOXA1 Missense_Mutation hit 1	HR+/HER2-
BRCA-0343	FOXA1	Frame_Shift_Del	BRCA-0343 FOXA1 Frame_Shift_Del hit 2	HR+/HER2-
BRCA-0344	PIK3CA	Missense_Mutation	BRCA-0344 PIK3CA Missense_Mutation hit 1	HR-/HER2-
BRCA-0344	TP53	Nonsense_Mutation	BRCA-0344 TP53 Nonsense_Mutation hit 1	HR-/HER2-
BRCA-0345	PIK3CA	Missense_Mutation	BRCA-0345 PIK3CA Missense_Mutation hit 1	HR+/HER2-
BRCA-0345	TP53	Missense_Mutation	BRCA-0345 TP53 Missense_Mutation hit 1	HR+/HER2-
BRCA-0345	TP53	Missense_Mutation	BRCA-0345 TP53 Missense_Mutation hit 2	HR+/HER2-
BRCA-0345	MAP2K4	Nonsense_Mutation	BRCA-0345 MAP2K4 Nonsense_Mutation hit 1	HR+/HER2-
BRCA-0346	BRAF	Missense_Mutation	BRCA-0346 BRAF Missense_Mutation hit 1	HR+/HER2-
BRCA-0347	GATA3	Missense_Mutation	BRCA-0347 GATA3 Missense_Mutation hit 1	HR+/HER2-
BRCA-0350	TP53	Missense_Mutation	BRCA-0350 TP53 Missense_Mutation hit 1	HR+/HER2-
BRCA-0352	PIK3CA	Missense_Mutation	BRCA-0352 PIK3CA Missense_Mutation hit 1	HR-/HER2-
BRCA-0352	TP53	Missense_Mutation	BRCA-0352 TP53 Missense_Mutation hit 1	HR-/HER2-
BRCA-0352	BRCA2	Splice_Site	BRCA-0352 BRCA2 Splice_Site hit 1	HR-/HER2-
BRCA-0353	PIK3CA	Missense_Mutation	BRCA-0353 PIK3CA Missense_Mutation hit 1	HR-/HER2-
BRCA-0353	CDH1	Missense_Mutation	BRCA-0353 CDH1 Missense_Mutation hit 1	HR-/HER2-
BRCA-0353	GATA3	Missense_Mutation	BRCA-0353 GATA3 Missense_Mutation hit 1	HR-/HER2-
BRCA-0354	FGFR1	Missense_Mutation	BRCA-0354 FGFR1 Missense_Mutation hit 1	HR-/HER2+
BRCA-0354	BRAF	Missense_Mutation	BRCA-0354 BRAF Missense_Mutation hit 1	HR-/HER2+
BRCA-0355	PIK3CA	Missense_Mutation	BRCA-0355 PIK3CA Missense_Mutation hit 1	HR-/HER2-
BRCA-0355	CDH1	Missense_Mutation	BRCA-0355 CDH1 Missense_Mutation hit 1	HR-/HER2-
BRCA-0356	TP53	Missense_Mutation	BRCA-0356 TP53 Missense_Mutation hit 1	HR-/HER2-
BRCA-0356	KMT2C	Missense_Mutation	BRCA-0356 KMT2C Missense_Mutation hit 1	HR-/HER2-
BRCA-0356	KMT2C	Missense_Mutation	BRCA-0356 KMT2C Missense_Mutation hit 2	HR-/HER2-
BRCA-0357	CDH1	Frame_Shift_Ins	BRCA-0357 CDH1 Frame_Shift_Ins hit 1	HR-/HER2-
BRCA-0359	TP53	Splice_Site	BRCA-0359 TP53 Splice_Site hit 1	HR-/HER2-
BRCA-0359	GATA3	Splice_Site	BRCA-0359 GATA3 Splice_Site hit 1	HR-/HER2-
BRCA-0359	ZFHX4	Silent	BRCA-0359 ZFHX4 Silent hit 1	HR-/HER2-
BRCA-0360	PIK3CA	Missense_Mutation	BRCA-0360 PIK3CA Missense_Mutation hit 1	HR-/HER2+
BRCA-0361	TP53	Nonsense_Mutation	BRCA-0361 TP53 Nonsense_Mutation hit 1	HR-/HER2+
BRCA-0361	CDH1	Missense_Mutation	BRCA-0361 CDH1 Missense_Mutation hit 1	HR-/HER2+
BRCA-0362	PIK3CA	Missense_Mutation	BRCA-0362 PIK3CA Missense_Mutation hit 1	HR+/HER2+
BRCA-0362	CDH1	Nonsense_Mutation	BRCA-0362 CDH1 Nonsense_Mutation hit 1	HR+/HER2+
BRCA-0362	GATA3	Missense_Mutation	BRCA-0362 GATA3 Missense_Mutation hit 1	HR+/HER2+
BRCA-0362	KMT2C	Frame_Shift_Del	BRCA-0362 KMT2C Frame_Shift_Del hit 1	HR+/HER2+
BRCA-0363	GATA3	Missense_Mutation	BRCA-0363 GATA3 Missense_Mutation hit 1	HR-/HER2+
BRCA-0364	NCOR1	Missense_Mutation	BRCA-0364 NCOR1 Missense_Mutation hit 1	HR+/HER2+
BRCA-0365	PIK3CA	Splice_Site	BRCA-0365 PIK3CA Splice_Site hit 1	HR-/HER2+
BRCA-0365	TP53	Missense_Mutation	BRCA-0365 TP53 Missense_Mutation hit 1	HR-/HER2+
BRCA-0365	CDH1	Frame_Shift_Del	BRCA-0365 CDH1 Frame_Shift_Del hit 1	HR-/HER2+
BRCA-0365	AKT1	Missense_Mutation	BRCA-0365 AKT1 Missense_Mutation hit 1	HR-/HER2+
BRCA-0365	BRAF	Frame_Shift_Del	BRCA-0365 BRAF Frame_Shift_Del hit 1	HR-/HER2+
BRCA-0366	TP53	Splice_Site	BRCA-0366 TP53 Splice_Site hit 1	HR-/HER2-
BRCA-0366	GATA3	Frame_Shift_Ins	BRCA-0366 GATA3 Frame_Shift_Ins hit 1	HR-/HER2-
BRCA-0366	PTEN	Nonsense_Mutation	BRCA-0366 PTEN Nonsense_Mutation hit 1	HR-/HER2-
BRCA-0367	PIK3CA	Missense_Mutation	BRCA-0367 PIK3CA Missense_Mutation hit 1	HR+/HER2-
BRCA-0368	CDH1	Missense_Mutation	BRCA-0368 CDH1 Missense_Mutation hit 1	HR+/HER2-
BRCA-0368	MAP3K1	Nonsense_Mutation	BRCA-0368 MAP3K1 Nonsense_Mutation hit 1	HR+/HER2-
BRCA-0370	TP53	Missense_Mutation	BRCA-0370 TP53 Missense_Mutation hit 1	HR+/HER2-
BRCA-0371	TP53	Nonsense_Mutation	BRCA-0371 TP53 Nonsense_Mutation hit 1	HR+/HER2-
BRCA-0371	GATA3	Frame_Shift_Ins	BRCA-0371 GATA3 Frame_Shift_Ins hit 1	HR+/HER2-
BRCA-0371	ZFHX4	Frame_Shift_Ins	BRCA-0371 ZFHX4 Frame_Shift_Ins hit 1	HR+/HER2-
BRCA-0372	PIK3CA	Missense_Mutation	BRCA-0372 PIK3CA Missense_Mutation hit 1	HR+/HER2+
BRCA-0372	SPTA1	Missense_Mutation	BRCA-0372 SPTA1 Missense_Mutation hit 1	HR+/HER2+
BRCA-0372	SPTA1	Missense_Mutation	BRCA-0372 SPTA1 Missense_Mutation hit 2	HR+/HER2+
BRCA-0373	CDH1	Frame_Shift_Del	BRCA-0373 CDH1 Frame_Shift_Del hit 1	HR-/HER2+
BRCA-0373	CCND1	Missense_Mutation	BRCA-0373 CCND1 Missense_Mutation hit 1	HR-/HER2+
BRCA-0375	TP53	Missense_Mutation	BRCA-0375 TP53 Missense_Mutation hit 1	HR-/HER2+
BRCA-0375	CDH1	Missense_Mutation	BRCA-0375 CDH1 Missense_Mutation hit 1	HR-/HER2+
BRCA-0375	NF1	Nonsense_Mutation	BRCA-0375 NF1 Nonsense_Mutation hit 1	HR-/HER2+
BRCA-0376	BRAF	Missense_Mutation	BRCA-0376 BRAF Missense_Mutation hit 1	HR-/HER2-
BRCA-0377	PIK3CA	Missense_Mutation	BRCA-0377 PIK3CA Missense_Mutation hit 1	HR+/HER2-
BRCA-0377	CDH1	Nonsense_Mutation	BRCA-0377 CDH1 Nonsense_Mutation hit 1	HR+/HER2-
BRCA-0377	ERBB2	Missense_Mutation	BRCA-0377 ERBB2 Missense_Mutation hit 1	HR+/HER2-
BRCA-0378	ABCA13	Missense_Mutation	BRCA-0378 ABCA13 Missense_Mutation hit 1	HR-/HER2+
BRCA-0379	TP53	3'UTR	BRCA-0379 TP53 3'UTR hit 1	HR+/HER2-
BRCA-0379	CDH1	Frame_Shift_Del	BRCA-0379 CDH1 Frame_Shift_Del hit 1	HR+/HER2-
BRCA-0380	SPTA1	Missense_Mutation	BRCA-0380 SPTA1 Missense_Mutation hit 1	HR+/HER2-
BRCA-0380	FOXA1	Missense_Mutation	BRCA-0380 FOXA1 Missense_Mutation hit 1	HR+/HER2-
BRCA-0382	TP53	Frame_Shift_Del	BRCA-0382 TP53 Frame_Shift_Del hit 1	HR-/HER2-
BRCA-0382	NCOR1	Missense_Mutation	BRCA-0382 NCOR1 Missense_Mutation hit 1	HR-/HER2-
BRCA-0384	FOXA1	5'UTR	BRCA-0384 FOXA1 5'UTR hit 1	HR-/HER2+
BRCA-0384	CCND1	Frame_Shift_Del	BRCA-0384 CCND1 Frame_Shift_Del hit 1	HR-/HER2+
BRCA-0384	EGFR	Missense_Mutation	BRCA-0384 EGFR Missense_Mutation hit 1	HR-/HER2+
BRCA-0385	PIK3CA	Missense_Mutation	BRCA-0385 PIK3CA Missense_Mutation hit 1	HR-/HER2-
BRCA-0385	ERBB2	Missense_Mutation	BRCA-0385 ERBB2 Missense_Mutation hit 1	HR-/HER2-
BRCA-0385	FGFR1	Splice_Site	BRCA-0385 FGFR1 Splice_Site hit 1	HR-/HER2-
BRCA-0386	TP53	Missense_Mutation	BRCA-0386 TP53 Missense_Mutation hit 1	HR-/HER2+
BRCA-0386	ABCA13	Splice_Site	BRCA-0386 ABCA13 Splice_Site hit 1	HR-/HER2+
BRCA-0387	PIK3CA	Frame_Shift_Ins	BRCA-0387 PIK3CA Frame_Shift_Ins hit 1	HR+/HER2-
BRCA-0387	TP53	Missense_Mutation	BRCA-0387 TP53 Missense_Mutation hit 1	HR+/HER2-
BRCA-0387	GATA3	Frame_Shift_Del	BRCA-0387 GATA3 Frame_Shift_Del hit 1	HR+/HER2-
BRCA-0387	KMT2C	Missense_Mutation	BRCA-0387 KMT2C Missense_Mutation hit 1	HR+/HER2-
BRCA-0387	ZFHX4	Missense_Mutation	BRCA-0387 ZFHX4 Missense_Mutation hit 1	HR+/HER2-
BRCA-0389	TP53	Missense_Mutation	BRCA-0389 TP53 Missense_Mutation hit 1	HR+/HER2-
BRCA-0389	CDH1	Frame_Shift_Del	BRCA-0389 CDH1 Frame_Shift_Del hit 1	HR+/HER2-
BRCA-0390	PIK3CA	Missense_Mutation	BRCA-0390 PIK3CA Missense_Mutation hit 1	HR+/HER2-
BRCA-0390	TP53	Nonsense_Mutation	BRCA-0390 TP53 Nonsense_Mutation hit 1	HR+/HER2-
BRCA-0391	PIK3CA	Nonsense_Mutation	BRCA-0391 PIK3CA Nonsense_Mutation hit 1	HR+/HER2-
BRCA-0391	TP53	Missense_Mutation	BRCA-0391 TP53 Missense_Mutation hit 1	HR+/HER2-
BRCA-0392	MAP3K1	Nonsense_Mutation	BRCA-0392 MAP3K1 Nonsense_Mutation hit 1	HR-/HER2-
BRCA-0393	PIK3CA	Nonsense_Mutation	BRCA-0393 PIK3CA Nonsense_Mutation hit 1	HR+/HER2-
BRCA-0393	TP53	Missense_Mutation	BRCA-0393 TP53 Missense_Mutation hit 1	HR+/HER2-
BRCA-0394	PIK3CA	Missense_Mutation	BRCA-0394 PIK3CA Missense_Mutation hit 1	HR+/HER2-
BRCA-0394	ABCA13	Missense_Mutation	BRCA-0394 ABCA13 Missense_Mutation hit 1	HR+/HER2-
BRCA-0395	TP53	Missense_Mutation	BRCA-0395 TP53 Missense_Mutation hit 1	HR+/HER2-
BRCA-0395	PTEN	Missense_Mutation	BRCA-0395 PTEN Missense_Mutation hit 1	HR+/HER2-
BRCA-0396	CDH1	Missense_Mutation	BRCA-0396 CDH1 Missense_Mutation hit 1	HR+/HER2-
BRCA-0396	KMT2C	Missense_Mutation	BRCA-0396 KMT2C Missense_Mutation hit 1	HR+/HER2-
BRCA-0397	ABCA13	Missense_Mutation	BRCA-0397 ABCA13 Missense_Mutation hit 1	HR+/HER2-
BRCA-0398	PIK3CA	Silent	BRCA-0398 PIK3CA Silent hit 1	HR+/HER2-
BRCA-0398	PIK3CA	Missense_Mutation	BRCA-0398 PIK3CA Missense_Mutation hit 2	HR+/HER2-
BRCA-0398	CDH1	Missense_Mutation	BRCA-0398 CDH1 Missense_Mutation hit 1	HR+/HER2-
BRCA-0398	CDH1	Nonsense_Mutation	BRCA-0398 CDH1 Nonsense_Mutation hit 2	HR+/HER2-
BRCA-0399	TP53	Missense_Mutation	BRCA-0399 TP53 Missense_Mutation hit 1	HR+/HER2+
BRCA-0399	ZFHX4	Nonsense_Mutation	BRCA-0399 ZFHX4 Nonsense_Mutation hit 1	HR+/HER2+
BRCA-0399	AKT1	Missense_Mutation	BRCA-0399 AKT1 Missense_Mutation hit 1	HR+/HER2+
BRCA-0399	CCND1	Missense_Mutation	BRCA-0399 CCND1 Missense_Mutation hit 1	HR+/HER2+
BRCA-0399	FGFR1	Missense_Mutation	BRCA-0399 FGFR1 Missense_Mutation hit 1	HR+/HER2+
BRCA-0399	FGFR1	Missense_Mutation	BRCA-0399 FGFR1 Missense_Mutation hit 2	HR+/HER2+
BRCA-0400	CDH1	Missense_Mutation	BRCA-0400 CDH1 Missense_Mutation hit 1	HR-/HER2-
BRCA-0400	BRCA1	Missense_Mutation	BRCA-0400 BRCA1 Missense_Mutation hit 1	HR-/HER2-
BRCA-0401	PIK3CA	Missense_Mutation	BRCA-0401 PIK3CA Missense_Mutation hit 1	HR-/HER2+
BRCA-0401	TP53	Nonsense_Mutation	BRCA-0401 TP53 Nonsense_Mutation hit 1	HR-/HER2+
BRCA-0401	MAP3K1	Missense_Mutation	BRCA-0401 MAP3K1 Missense_Mutation hit 1	HR-/HER2+
BRCA-0401	FGFR1	Missense_Mutation	BRCA-0401 FGFR1 Missense_Mutation hit 1	HR-/HER2+
BRCA-0402	SPTA1	Missense_Mutation	BRCA-0402 SPTA1 Missense_Mutation hit 1	HR+/HER2-
BRCA-0403	PIK3CA	Missense_Mutation	BRCA-0403 PIK3CA Missense_Mutation hit 1	HR+/HER2-
BRCA-0403	ZFHX4	Missense_Mutation	BRCA-0403 ZFHX4 Missense_Mutation hit 1	HR+/HER2-
BRCA-0404	PIK3CA	Missense_Mutation	BRCA-0404 PIK3CA Missense_Mutation hit 1	HR-/HER2-
BRCA-0404	TP53	Nonsense_Mutation	BRCA-0404 TP53 Nonsense_Mutation hit 1	HR-/HER2-
BRCA-0405	FOXA1	Silent	BRCA-0405 FOXA1 Silent hit 1	HR+/HER2-
BRCA-0406	TP53	Splice_Site	BRCA-0406 TP53 Splice_Site hit 1	HR+/HER2-
BRCA-0406	ABCA13	Missense_Mutation	BRCA-0406 ABCA13 Missense_Mutation hit 1	HR+/HER2-
BRCA-0406	BRCA2	Silent	BRCA-0406 BRCA2 Silent hit 1	HR+/HER2-
BRCA-0406	RB1	Splice_Site	BRCA-0406 RB1 Splice_Site hit 1	HR+/HER2-
BRCA-0406	BRAF	Missense_Mutation	BRCA-0406 BRAF Missense_Mutation hit 1	HR+/HER2-
BRCA-0407	TP53	Nonsense_Mutation	BRCA-0407 TP53 Nonsense_Mutation hit 1	HR+/HER2-
BRCA-0407	MAP3K1	Missense_Mutation	BRCA-0407 MAP3K1 Missense_Mutation hit 1	HR+/HER2-
BRCA-0407	BRAF	Frame_Shift_Del	BRCA-0407 BRAF Frame_Shift_Del hit 1	HR+/HER2-
BRCA-0408	PIK3CA	Missense_Mutation	BRCA-0408 PIK3CA Missense_Mutation hit 1	HR-/HER2+
BRCA-0408	CDH1	Nonsense_Mutation	BRCA-0408 CDH1 Nonsense_Mutation hit 1	HR-/HER2+
BRCA-0408	BRCA2	Missense_Mutation	BRCA-0408 BRCA2 Missense_Mutation hit 1	HR-/HER2+
BRCA-0409	PIK3CA	Missense_Mutation	BRCA-0409 PIK3CA Missense_Mutation hit 1	HR+/HER2-
BRCA-0409	AKT1	Missense_Mutation	BRCA-0409 AKT1 Missense_Mutation hit 1	HR+/HER2-
BRCA-0410	PIK3CA	Nonsense_Mutation	BRCA-0410 PIK3CA Nonsense_Mutation hit 1	HR+/HER2-
BRCA-0410	TP53	Missense_Mutation	BRCA-0410 TP53 Missense_Mutation hit 1	HR+/HER2-
BRCA-0410	PTEN	Missense_Mutation	BRCA-0410 PTEN Missense_Mutation hit 1	HR+/HER2-
BRCA-0410	FOXA1	Missense_Mutation	BRCA-0410 FOXA1 Missense_Mutation hit 1	HR+/HER2-
BRCA-0411	TP53	Missense_Mutation	BRCA-0411 TP53 Missense_Mutation hit 1	HR+/HER2-
BRCA-0411	CDH1	Nonsense_Mutation	BRCA-0411 CDH1 Nonsense_Mutation hit 1	HR+/HER2-
BRCA-0412	CDH1	Missense_Mutation	BRCA-0412 CDH1 Missense_Mutation hit 1	HR-/HER2+
BRCA-0412	CDH1	Nonsense_Mutation	BRCA-0412 CDH1 Nonsense_Mutation hit 2	HR-/HER2+
BRCA-0412	GATA3	Missense_Mutation	BRCA-0412 GATA3 Missense_Mutation hit 1	HR-/HER2+
BRCA-0412	SPTA1	Intron	BRCA-0412 SPTA1 Intron hit 1	HR-/HER2+
BRCA-0412	SPTA1	5'UTR	BRCA-0412 SPTA1 5'UTR hit 2	HR-/HER2+
BRCA-0413	PIK3CA	Missense_Mutation	BRCA-0413 PIK3CA Missense_Mutation hit 1	HR-/HER2+
BRCA-0414	PIK3CA	Missense_Mutation	BRCA-0414 PIK3CA Missense_Mutation hit 1	HR+/HER2-
BRCA-0414	KMT2C	Nonsense_Mutation	BRCA-0414 KMT2C Nonsense_Mutation hit 1	HR+/HER2-
BRCA-0415	GATA3	Missense_Mutation	BRCA-0415 GATA3 Missense_Mutation hit 1	HR+/HER2+
BRCA-0415	AKT1	Missense_Mutation	BRCA-0415 AKT1 Missense_Mutation hit 1	HR+/HER2+
BRCA-0415	FGFR1	Nonsense_Mutation	BRCA-0415 FGFR1 Nonsense_Mutation hit 1	HR+/HER2+
BRCA-0417	KMT2C	Missense_Mutation	BRCA-0417 KMT2C Missense_Mutation hit 1	HR-/HER2+
BRCA-0417	MAP3K1	Nonsense_Mutation	BRCA-0417 MAP3K1 Nonsense_Mutation hit 1	HR-/HER2+
BRCA-0417	NF1	Missense_Mutation	BRCA-0417 NF1 Missense_Mutation hit 1	HR-/HER2+
BRCA-0418	PIK3CA	Missense_Mutation	BRCA-0418 PIK3CA Missense_Mutation hit 1	HR-/HER2-
BRCA-0418	TP53	Frame_Shift_Del	BRCA-0418 TP53 Frame_Shift_Del hit 1	HR-/HER2-
BRCA-0418	KMT2C	Nonsense_Mutation	BRCA-0418 KMT2C Nonsense_Mutation hit 1	HR-/HER2-
BRCA-0418	ERBB2	Missense_Mutation	BRCA-0418 ERBB2 Missense_Mutation hit 1	HR-/HER2-
BRCA-0418	FGFR2	Missense_Mutation	BRCA-0418 FGFR2 Missense_Mutation hit 1	HR-/HER2-
BRCA-0419	PIK3CA	Frame_Shift_Del	BRCA-0419 PIK3CA Frame_Shift_Del hit 1	HR+/HER2-
BRCA-0419	TP53	Missense_Mutation	BRCA-0419 TP53 Missense_Mutation hit 1	HR+/HER2-
BRCA-0419	CDH1	Missense_Mutation	BRCA-0419 CDH1 Missense_Mutation hit 1	HR+/HER2-
BRCA-0419	GATA3	Missense_Mutation	BRCA-0419 GATA3 Missense_Mutation hit 1	HR+/HER2-
BRCA-0419	BRCA2	Missense_Mutation	BRCA-0419 BRCA2 Missense_Mutation hit 1	HR+/HER2-
BRCA-0420	TP53	Missense_Mutation	BRCA-0420 TP53 Missense_Mutation hit 1	HR-/HER2+
BRCA-0420	MAP3K1	Missense_Mutation	BRCA-0420 MAP3K1 Missense_Mutation hit 1	HR-/HER2+
