sample	gene	mutation_type	tooltip	cohort
README-001	PIK3CA	missense	README-001 PIK3CA missense hit 1	HER2
README-001	TP53	missense	README-001 TP53 missense hit 1	HER2
README-001	TP53	missense	README-001 TP53 missense hit 2	HER2
README-001	CDH1	missense	README-001 CDH1 missense hit 1	HER2
README-001	CDH1	missense	README-001 CDH1 missense hit 2	HER2
README-001	PTEN	missense	README-001 PTEN missense hit 1	HER2
README-002	PTEN	nonsense	README-002 PTEN nonsense hit 1	Luminal
README-002	KMT2C	missense	README-002 KMT2C missense hit 1	Luminal
README-002	BRCA1	silent	README-002 BRCA1 silent hit 1	Luminal
README-002	RB1	missense	README-002 RB1 missense hit 1	Luminal
README-003	PIK3CA	nonsense	README-003 PIK3CA nonsense hit 1	Luminal
README-003	TP53	silent	README-003 TP53 silent hit 1	Luminal
README-004	PIK3CA	missense	README-004 PIK3CA missense hit 1	Luminal
README-004	TP53	missense	README-004 TP53 missense hit 1	Luminal
README-004	CDH1	missense	README-004 CDH1 missense hit 1	Luminal
README-005	PIK3CA	missense	README-005 PIK3CA missense hit 1	Luminal
README-005	CDH1	missense	README-005 CDH1 missense hit 1	Luminal
README-005	BRCA1	splice	README-005 BRCA1 splice hit 1	Luminal
README-006	TP53	missense	README-006 TP53 missense hit 1	Normal-like
README-006	MAP3K1	frameshift	README-006 MAP3K1 frameshift hit 1	Normal-like
README-006	KMT2C	nonsense	README-006 KMT2C nonsense hit 1	Normal-like
README-007	CDH1	missense	README-007 CDH1 missense hit 1	Luminal
README-007	MAP3K1	missense	README-007 MAP3K1 missense hit 1	Luminal
README-008	PIK3CA	missense	README-008 PIK3CA missense hit 1	HER2
README-008	TP53	missense	README-008 TP53 missense hit 1	HER2
README-008	CDH1	missense	README-008 CDH1 missense hit 1	HER2
README-008	MAP3K1	nonsense	README-008 MAP3K1 nonsense hit 1	HER2
README-008	PTEN	nonsense	README-008 PTEN nonsense hit 1	HER2
README-009	GATA3	silent	README-009 GATA3 silent hit 1	Basal
README-009	ERBB2	missense	README-009 ERBB2 missense hit 1	Basal
README-010	TP53	missense	README-010 TP53 missense hit 1	Basal
README-012	MAP3K1	splice	README-012 MAP3K1 splice hit 1	Luminal
README-012	MAP3K1	silent	README-012 MAP3K1 silent hit 2	Luminal
README-013	PIK3CA	missense	README-013 PIK3CA missense hit 1	Normal-like
README-013	CDH1	frameshift	README-013 CDH1 frameshift hit 1	Normal-like
README-013	CDH1	missense	README-013 CDH1 missense hit 2	Normal-like
README-014	TP53	nonsense	README-014 TP53 nonsense hit 1	Basal
README-014	GATA3	missense	README-014 GATA3 missense hit 1	Basal
README-015	PIK3CA	missense	README-015 PIK3CA missense hit 1	HER2
README-015	TP53	splice	README-015 TP53 splice hit 1	HER2
README-016	PIK3CA	frameshift	README-016 PIK3CA frameshift hit 1	Luminal
README-016	RB1	inframe	README-016 RB1 inframe hit 1	Luminal
README-017	PIK3CA	missense	README-017 PIK3CA missense hit 1	HER2
README-018	PIK3CA	missense	README-018 PIK3CA missense hit 1	Normal-like
README-019	PIK3CA	missense	README-019 PIK3CA missense hit 1	Basal
README-019	PTEN	missense	README-019 PTEN missense hit 1	Basal
README-019	KMT2C	missense	README-019 KMT2C missense hit 1	Basal
README-019	KMT2C	nonsense	README-019 KMT2C nonsense hit 2	Basal
README-019	RB1	nonsense	README-019 RB1 nonsense hit 1	Basal
README-020	PIK3CA	inframe	README-020 PIK3CA inframe hit 1	Normal-like
README-020	TP53	missense	README-020 TP53 missense hit 1	Normal-like
README-020	CDH1	missense	README-020 CDH1 missense hit 1	Normal-like
README-021	PIK3CA	frameshift	README-021 PIK3CA frameshift hit 1	Luminal
README-021	TP53	missense	README-021 TP53 missense hit 1	Luminal
README-021	KMT2C	frameshift	README-021 KMT2C frameshift hit 1	Luminal
README-022	PIK3CA	missense	README-022 PIK3CA missense hit 1	Luminal
README-022	MAP3K1	nonsense	README-022 MAP3K1 nonsense hit 1	Luminal
README-022	KMT2C	missense	README-022 KMT2C missense hit 1	Luminal
README-023	TP53	missense	README-023 TP53 missense hit 1	Luminal
README-023	GATA3	missense	README-023 GATA3 missense hit 1	Luminal
README-024	TP53	missense	README-024 TP53 missense hit 1	HER2
README-025	TP53	missense	README-025 TP53 missense hit 1	Basal
README-025	ERBB2	frameshift	README-025 ERBB2 frameshift hit 1	Basal
README-025	ERBB2	nonsense	README-025 ERBB2 nonsense hit 2	Basal
README-026	TP53	nonsense	README-026 TP53 nonsense hit 1	HER2
README-027	TP53	splice	README-027 TP53 splice hit 1	Basal
README-028	PIK3CA	missense	README-028 PIK3CA missense hit 1	HER2
README-028	TP53	missense	README-028 TP53 missense hit 1	HER2
README-029	KMT2C	missense	README-029 KMT2C missense hit 1	Basal
README-031	TP53	nonsense	README-031 TP53 nonsense hit 1	Luminal
README-031	CDH1	missense	README-031 CDH1 missense hit 1	Luminal
README-031	GATA3	silent	README-031 GATA3 silent hit 1	Luminal
README-032	PIK3CA	splice	README-032 PIK3CA splice hit 1	Luminal
README-032	RB1	frameshift	README-032 RB1 frameshift hit 1	Luminal
README-033	PIK3CA	missense	README-033 PIK3CA missense hit 1	Luminal
README-033	PTEN	missense	README-033 PTEN missense hit 1	Luminal
README-033	PTEN	frameshift	README-033 PTEN frameshift hit 2	Luminal
README-033	ERBB2	splice	README-033 ERBB2 splice hit 1	Luminal
README-034	PIK3CA	missense	README-034 PIK3CA missense hit 1	Luminal
README-034	TP53	missense	README-034 TP53 missense hit 1	Luminal
README-034	CDH1	missense	README-034 CDH1 missense hit 1	Luminal
README-034	GATA3	missense	README-034 GATA3 missense hit 1	Luminal
README-034	MAP3K1	nonsense	README-034 MAP3K1 nonsense hit 1	Luminal
README-035	CDH1	missense	README-035 CDH1 missense hit 1	Basal
README-036	TP53	nonsense	README-036 TP53 nonsense hit 1	HER2
README-036	GATA3	inframe	README-036 GATA3 inframe hit 1	HER2
README-036	GATA3	missense	README-036 GATA3 missense hit 2	HER2
README-037	BRCA1	nonsense	README-037 BRCA1 nonsense hit 1	Luminal
README-038	PTEN	splice	README-038 PTEN splice hit 1	Luminal
README-039	MAP3K1	missense	README-039 MAP3K1 missense hit 1	Luminal
README-040	PIK3CA	inframe	README-040 PIK3CA inframe hit 1	Luminal
README-040	GATA3	missense	README-040 GATA3 missense hit 1	Luminal
README-040	GATA3	missense	README-040 GATA3 missense hit 2	Luminal
README-040	KMT2C	silent	README-040 KMT2C silent hit 1	Luminal
README-040	BRCA1	missense	README-040 BRCA1 missense hit 1	Luminal
README-041	CDH1	missense	README-041 CDH1 missense hit 1	Luminal
README-042	PIK3CA	missense	README-042 PIK3CA missense hit 1	Basal
README-042	TP53	splice	README-042 TP53 splice hit 1	Basal
README-043	GATA3	missense	README-043 GATA3 missense hit 1	Luminal
README-043	BRCA1	missense	README-043 BRCA1 missense hit 1	Luminal
README-044	CDH1	missense	README-044 CDH1 missense hit 1	Basal
README-045	PIK3CA	missense	README-045 PIK3CA missense hit 1	Luminal
README-045	GATA3	missense	README-045 GATA3 missense hit 1	Luminal
README-045	RB1	missense	README-045 RB1 missense hit 1	Luminal
README-046	PIK3CA	missense	README-046 PIK3CA missense hit 1	Luminal
README-046	TP53	silent	README-046 TP53 silent hit 1	Luminal
README-047	RB1	missense	README-047 RB1 missense hit 1	Basal
README-049	TP53	missense	README-049 TP53 missense hit 1	Luminal
README-049	GATA3	splice	README-049 GATA3 splice hit 1	Luminal
README-049	MAP3K1	frameshift	README-049 MAP3K1 frameshift hit 1	Luminal
README-049	PTEN	missense	README-049 PTEN missense hit 1	Luminal
README-050	PIK3CA	splice	README-050 PIK3CA splice hit 1	Basal
README-050	TP53	missense	README-050 TP53 missense hit 1	Basal
README-050	MAP3K1	frameshift	README-050 MAP3K1 frameshift hit 1	Basal
README-051	RB1	nonsense	README-051 RB1 nonsense hit 1	Luminal
README-052	TP53	missense	README-052 TP53 missense hit 1	HER2
README-052	TP53	nonsense	README-052 TP53 nonsense hit 2	HER2
README-052	CDH1	missense	README-052 CDH1 missense hit 1	HER2
README-053	PIK3CA	missense	README-053 PIK3CA missense hit 1	Luminal
README-053	GATA3	missense	README-053 GATA3 missense hit 1	Luminal
README-053	PTEN	missense	README-053 PTEN missense hit 1	Luminal
README-055	TP53	nonsense	README-055 TP53 nonsense hit 1	HER2
README-055	NF1	nonsense	README-055 NF1 nonsense hit 1	HER2
README-056	PIK3CA	frameshift	README-056 PIK3CA frameshift hit 1	Luminal
README-056	TP53	silent	README-056 TP53 silent hit 1	Luminal
README-056	BRCA1	frameshift	README-056 BRCA1 frameshift hit 1	Luminal
README-057	PIK3CA	missense	README-057 PIK3CA missense hit 1	Luminal
README-057	TP53	missense	README-057 TP53 missense hit 1	Luminal
README-057	CDH1	missense	README-057 CDH1 missense hit 1	Luminal
README-058	PIK3CA	missense	README-058 PIK3CA missense hit 1	HER2
README-058	CDH1	missense	README-058 CDH1 missense hit 1	HER2
README-059	PIK3CA	missense	README-059 PIK3CA missense hit 1	Basal
README-059	TP53	splice	README-059 TP53 splice hit 1	Basal
README-059	TP53	missense	README-059 TP53 missense hit 2	Basal
README-060	PIK3CA	missense	README-060 PIK3CA missense hit 1	HER2
README-060	ERBB2	splice	README-060 ERBB2 splice hit 1	HER2
README-061	PIK3CA	missense	README-061 PIK3CA missense hit 1	Basal
README-061	EGFR	missense	README-061 EGFR missense hit 1	Basal
README-061	EGFR	nonsense	README-061 EGFR nonsense hit 2	Basal
README-062	CDH1	missense	README-062 CDH1 missense hit 1	Luminal
README-062	KMT2C	missense	README-062 KMT2C missense hit 1	Luminal
README-063	PIK3CA	missense	README-063 PIK3CA missense hit 1	Basal
README-063	NF1	missense	README-063 NF1 missense hit 1	Basal
README-064	TP53	nonsense	README-064 TP53 nonsense hit 1	Luminal
README-064	ERBB2	missense	README-064 ERBB2 missense hit 1	Luminal
README-065	TP53	missense	README-065 TP53 missense hit 1	HER2
README-065	CDH1	frameshift	README-065 CDH1 frameshift hit 1	HER2
README-065	GATA3	missense	README-065 GATA3 missense hit 1	HER2
README-066	PIK3CA	missense	README-066 PIK3CA missense hit 1	HER2
README-066	GATA3	missense	README-066 GATA3 missense hit 1	HER2
README-066	NF1	splice	README-066 NF1 splice hit 1	HER2
README-067	PIK3CA	missense	README-067 PIK3CA missense hit 1	Luminal
README-067	CDH1	missense	README-067 CDH1 missense hit 1	Luminal
README-068	PIK3CA	missense	README-068 PIK3CA missense hit 1	Luminal
README-068	GATA3	missense	README-068 GATA3 missense hit 1	Luminal
README-068	GATA3	frameshift	README-068 GATA3 frameshift hit 2	Luminal
README-068	RB1	frameshift	README-068 RB1 frameshift hit 1	Luminal
README-069	PIK3CA	nonsense	README-069 PIK3CA nonsense hit 1	HER2
README-069	TP53	missense	README-069 TP53 missense hit 1	HER2
README-069	PTEN	frameshift	README-069 PTEN frameshift hit 1	HER2
README-069	BRCA1	missense	README-069 BRCA1 missense hit 1	HER2
README-070	PIK3CA	splice	README-070 PIK3CA splice hit 1	HER2
README-070	CDH1	silent	README-070 CDH1 silent hit 1	HER2
README-071	PIK3CA	missense	README-071 PIK3CA missense hit 1	Normal-like
README-071	TP53	missense	README-071 TP53 missense hit 1	Normal-like
README-071	GATA3	frameshift	README-071 GATA3 frameshift hit 1	Normal-like
README-071	KMT2C	missense	README-071 KMT2C missense hit 1	Normal-like
README-072	PIK3CA	missense	README-072 PIK3CA missense hit 1	Normal-like
README-072	GATA3	missense	README-072 GATA3 missense hit 1	Normal-like
README-073	PIK3CA	missense	README-073 PIK3CA missense hit 1	Normal-like
README-073	KMT2C	missense	README-073 KMT2C missense hit 1	Normal-like
README-073	RB1	inframe	README-073 RB1 inframe hit 1	Normal-like
README-074	TP53	missense	README-074 TP53 missense hit 1	Normal-like
README-074	KMT2C	missense	README-074 KMT2C missense hit 1	Normal-like
README-074	NF1	missense	README-074 NF1 missense hit 1	Normal-like
README-075	PIK3CA	nonsense	README-075 PIK3CA nonsense hit 1	Luminal
README-075	PTEN	silent	README-075 PTEN silent hit 1	Luminal
README-076	GATA3	silent	README-076 GATA3 silent hit 1	Basal
README-076	GATA3	missense	README-076 GATA3 missense hit 2	Basal
README-077	TP53	inframe	README-077 TP53 inframe hit 1	Basal
README-077	CDH1	missense	README-077 CDH1 missense hit 1	Basal
README-077	RB1	frameshift	README-077 RB1 frameshift hit 1	Basal
README-078	PIK3CA	missense	README-078 PIK3CA missense hit 1	HER2
README-078	GATA3	inframe	README-078 GATA3 inframe hit 1	HER2
README-079	PIK3CA	missense	README-079 PIK3CA missense hit 1	Luminal
README-079	MAP3K1	splice	README-079 MAP3K1 splice hit 1	Luminal
README-079	PTEN	missense	README-079 PTEN missense hit 1	Luminal
README-080	PIK3CA	missense	README-080 PIK3CA missense hit 1	Luminal
README-080	CDH1	nonsense	README-080 CDH1 nonsense hit 1	Luminal
README-081	GATA3	missense	README-081 GATA3 missense hit 1	Luminal
README-082	PIK3CA	missense	README-082 PIK3CA missense hit 1	HER2
README-082	BRCA1	missense	README-082 BRCA1 missense hit 1	HER2
README-083	TP53	nonsense	README-083 TP53 nonsense hit 1	Luminal
README-084	GATA3	inframe	README-084 GATA3 inframe hit 1	Luminal
README-084	KMT2C	missense	README-084 KMT2C missense hit 1	Luminal
README-085	ERBB2	inframe	README-085 ERBB2 inframe hit 1	Luminal
README-086	PIK3CA	missense	README-086 PIK3CA missense hit 1	Luminal
README-087	PIK3CA	missense	README-087 PIK3CA missense hit 1	Luminal
README-087	TP53	missense	README-087 TP53 missense hit 1	Luminal
README-087	PTEN	silent	README-087 PTEN silent hit 1	Luminal
README-087	NF1	missense	README-087 NF1 missense hit 1	Luminal
README-089	PIK3CA	missense	README-089 PIK3CA missense hit 1	Luminal
README-089	TP53	missense	README-089 TP53 missense hit 1	Luminal
README-089	KMT2C	missense	README-089 KMT2C missense hit 1	Luminal
README-090	PIK3CA	missense	README-090 PIK3CA missense hit 1	Basal
README-090	TP53	missense	README-090 TP53 missense hit 1	Basal
README-091	PIK3CA	missense	README-091 PIK3CA missense hit 1	Luminal
README-091	TP53	missense	README-091 TP53 missense hit 1	Luminal
README-091	PTEN	frameshift	README-091 PTEN frameshift hit 1	Luminal
README-092	TP53	missense	README-092 TP53 missense hit 1	Basal
README-092	MAP3K1	nonsense	README-092 MAP3K1 nonsense hit 1	Basal
README-092	BRCA1	missense	README-092 BRCA1 missense hit 1	Basal
README-093	PIK3CA	missense	README-093 PIK3CA missense hit 1	HER2
README-093	TP53	missense	README-093 TP53 missense hit 1	HER2
README-093	BRCA1	inframe	README-093 BRCA1 inframe hit 1	HER2
README-094	PIK3CA	missense	README-094 PIK3CA missense hit 1	HER2
README-094	TP53	missense	README-094 TP53 missense hit 1	HER2
README-094	MAP3K1	missense	README-094 MAP3K1 missense hit 1	HER2
README-095	TP53	frameshift	README-095 TP53 frameshift hit 1	Basal
README-095	NF1	missense	README-095 NF1 missense hit 1	Basal
README-096	PIK3CA	missense	README-096 PIK3CA missense hit 1	Luminal
README-096	TP53	missense	README-096 TP53 missense hit 1	Luminal
README-096	BRCA1	inframe	README-096 BRCA1 inframe hit 1	Luminal
README-098	PIK3CA	frameshift	README-098 PIK3CA frameshift hit 1	Luminal
README-098	CDH1	missense	README-098 CDH1 missense hit 1	Luminal
README-098	MAP3K1	missense	README-098 MAP3K1 missense hit 1	Luminal
README-099	PIK3CA	missense	README-099 PIK3CA missense hit 1	Basal
README-099	PTEN	nonsense	README-099 PTEN nonsense hit 1	Basal
README-099	RB1	missense	README-099 RB1 missense hit 1	Basal
README-100	TP53	missense	README-100 TP53 missense hit 1	Basal
README-100	PTEN	missense	README-100 PTEN missense hit 1	Basal
README-100	ERBB2	missense	README-100 ERBB2 missense hit 1	Basal
README-101	PIK3CA	frameshift	README-101 PIK3CA frameshift hit 1	HER2
README-102	PIK3CA	missense	README-102 PIK3CA missense hit 1	Luminal
README-103	TP53	nonsense	README-103 TP53 nonsense hit 1	Basal
README-103	CDH1	missense	README-103 CDH1 missense hit 1	Basal
README-103	KMT2C	missense	README-103 KMT2C missense hit 1	Basal
README-103	EGFR	frameshift	README-103 EGFR frameshift hit 1	Basal
README-104	EGFR	frameshift	README-104 EGFR frameshift hit 1	Basal
README-105	PIK3CA	missense	README-105 PIK3CA missense hit 1	Basal
README-105	CDH1	missense	README-105 CDH1 missense hit 1	Basal
README-105	ERBB2	nonsense	README-105 ERBB2 nonsense hit 1	Basal
README-106	MAP3K1	nonsense	README-106 MAP3K1 nonsense hit 1	Basal
README-106	BRCA1	missense	README-106 BRCA1 missense hit 1	Basal
README-107	TP53	missense	README-107 TP53 missense hit 1	Luminal
README-107	CDH1	frameshift	README-107 CDH1 frameshift hit 1	Luminal
README-107	KMT2C	frameshift	README-107 KMT2C frameshift hit 1	Luminal
README-108	TP53	missense	README-108 TP53 missense hit 1	HER2
README-109	PIK3CA	missense	README-109 PIK3CA missense hit 1	Luminal
README-109	NF1	missense	README-109 NF1 missense hit 1	Luminal
README-109	RB1	missense	README-109 RB1 missense hit 1	Luminal
README-110	PIK3CA	inframe	README-110 PIK3CA inframe hit 1	HER2
README-110	TP53	missense	README-110 TP53 missense hit 1	HER2
README-110	CDH1	missense	README-110 CDH1 missense hit 1	HER2
README-110	GATA3	nonsense	README-110 GATA3 nonsense hit 1	HER2
README-110	GATA3	nonsense	README-110 GATA3 nonsense hit 2	HER2
README-110	EGFR	missense	README-110 EGFR missense hit 1	HER2
README-111	GATA3	splice	README-111 GATA3 splice hit 1	Luminal
README-113	CDH1	missense	README-113 CDH1 missense hit 1	Basal
README-113	MAP3K1	nonsense	README-113 MAP3K1 nonsense hit 1	Basal
README-113	RB1	missense	README-113 RB1 missense hit 1	Basal
README-114	PIK3CA	missense	README-114 PIK3CA missense hit 1	Luminal
README-114	PIK3CA	missense	README-114 PIK3CA missense hit 2	Luminal
README-115	TP53	nonsense	README-115 TP53 nonsense hit 1	Normal-like
README-115	TP53	missense	README-115 TP53 missense hit 2	Normal-like
README-116	TP53	nonsense	README-116 TP53 nonsense hit 1	Luminal
README-116	PTEN	splice	README-116 PTEN splice hit 1	Luminal
README-116	RB1	frameshift	README-116 RB1 frameshift hit 1	Luminal
README-117	GATA3	missense	README-117 GATA3 missense hit 1	Luminal
README-118	PIK3CA	inframe	README-118 PIK3CA inframe hit 1	Basal
README-118	TP53	splice	README-118 TP53 splice hit 1	Basal
README-118	KMT2C	missense	README-118 KMT2C missense hit 1	Basal
README-118	EGFR	missense	README-118 EGFR missense hit 1	Basal
README-119	PIK3CA	silent	README-119 PIK3CA silent hit 1	Basal
README-119	TP53	missense	README-119 TP53 missense hit 1	Basal
README-120	PIK3CA	missense	README-120 PIK3CA missense hit 1	HER2
README-120	GATA3	missense	README-120 GATA3 missense hit 1	HER2
README-121	PIK3CA	missense	README-121 PIK3CA missense hit 1	Basal
README-121	TP53	nonsense	README-121 TP53 nonsense hit 1	Basal
README-122	PIK3CA	missense	README-122 PIK3CA missense hit 1	Normal-like
README-122	TP53	missense	README-122 TP53 missense hit 1	Normal-like
README-122	MAP3K1	splice	README-122 MAP3K1 splice hit 1	Normal-like
README-122	ERBB2	silent	README-122 ERBB2 silent hit 1	Normal-like
README-123	TP53	missense	README-123 TP53 missense hit 1	Normal-like
README-126	PIK3CA	missense	README-126 PIK3CA missense hit 1	HER2
README-126	TP53	missense	README-126 TP53 missense hit 1	HER2
README-126	CDH1	missense	README-126 CDH1 missense hit 1	HER2
README-127	PIK3CA	missense	README-127 PIK3CA missense hit 1	HER2
README-128	PIK3CA	inframe	README-128 PIK3CA inframe hit 1	Basal
README-128	TP53	missense	README-128 TP53 missense hit 1	Basal
README-129	TP53	missense	README-129 TP53 missense hit 1	Luminal
README-130	MAP3K1	missense	README-130 MAP3K1 missense hit 1	Luminal
README-131	PIK3CA	missense	README-131 PIK3CA missense hit 1	Basal
README-131	TP53	splice	README-131 TP53 splice hit 1	Basal
README-131	GATA3	missense	README-131 GATA3 missense hit 1	Basal
README-131	PTEN	frameshift	README-131 PTEN frameshift hit 1	Basal
README-132	PIK3CA	missense	README-132 PIK3CA missense hit 1	HER2
README-132	KMT2C	splice	README-132 KMT2C splice hit 1	HER2
README-133	TP53	missense	README-133 TP53 missense hit 1	Normal-like
README-134	PIK3CA	missense	README-134 PIK3CA missense hit 1	Luminal
README-134	BRCA1	nonsense	README-134 BRCA1 nonsense hit 1	Luminal
README-135	NF1	missense	README-135 NF1 missense hit 1	Luminal
README-135	RB1	missense	README-135 RB1 missense hit 1	Luminal
README-136	PIK3CA	splice	README-136 PIK3CA splice hit 1	Basal
README-136	CDH1	frameshift	README-136 CDH1 frameshift hit 1	Basal
README-138	PIK3CA	missense	README-138 PIK3CA missense hit 1	HER2
README-138	TP53	missense	README-138 TP53 missense hit 1	HER2
README-138	TP53	frameshift	README-138 TP53 frameshift hit 2	HER2
README-138	CDH1	nonsense	README-138 CDH1 nonsense hit 1	HER2
README-138	GATA3	missense	README-138 GATA3 missense hit 1	HER2
README-138	GATA3	missense	README-138 GATA3 missense hit 2	HER2
README-140	PIK3CA	missense	README-140 PIK3CA missense hit 1	Luminal
README-141	PIK3CA	nonsense	README-141 PIK3CA nonsense hit 1	Luminal
README-141	GATA3	missense	README-141 GATA3 missense hit 1	Luminal
README-142	PIK3CA	frameshift	README-142 PIK3CA frameshift hit 1	HER2
README-142	TP53	nonsense	README-142 TP53 nonsense hit 1	HER2
README-142	TP53	inframe	README-142 TP53 inframe hit 2	HER2
README-142	MAP3K1	splice	README-142 MAP3K1 splice hit 1	HER2
README-143	KMT2C	missense	README-143 KMT2C missense hit 1	Basal
README-143	ERBB2	missense	README-143 ERBB2 missense hit 1	Basal
README-143	BRCA1	missense	README-143 BRCA1 missense hit 1	Basal
README-144	CDH1	missense	README-144 CDH1 missense hit 1	Basal
README-144	RB1	missense	README-144 RB1 missense hit 1	Basal
README-144	RB1	splice	README-144 RB1 splice hit 2	Basal
README-145	KMT2C	missense	README-145 KMT2C missense hit 1	Luminal
README-145	NF1	frameshift	README-145 NF1 frameshift hit 1	Luminal
README-146	TP53	splice	README-146 TP53 splice hit 1	Basal
README-146	GATA3	splice	README-146 GATA3 splice hit 1	Basal
README-146	RB1	missense	README-146 RB1 missense hit 1	Basal
README-147	NF1	missense	README-147 NF1 missense hit 1	Luminal
README-148	TP53	missense	README-148 TP53 missense hit 1	Basal
README-148	BRCA1	splice	README-148 BRCA1 splice hit 1	Basal
README-149	TP53	splice	README-149 TP53 splice hit 1	Basal
README-151	TP53	inframe	README-151 TP53 inframe hit 1	Basal
README-151	NF1	silent	README-151 NF1 silent hit 1	Basal
README-153	PIK3CA	missense	README-153 PIK3CA missense hit 1	Normal-like
README-153	KMT2C	nonsense	README-153 KMT2C nonsense hit 1	Normal-like
README-154	GATA3	frameshift	README-154 GATA3 frameshift hit 1	Luminal
README-154	KMT2C	splice	README-154 KMT2C splice hit 1	Luminal
README-157	PIK3CA	missense	README-157 PIK3CA missense hit 1	Normal-like
README-157	TP53	nonsense	README-157 TP53 nonsense hit 1	Normal-like
README-157	ERBB2	frameshift	README-157 ERBB2 frameshift hit 1	Normal-like
README-158	TP53	missense	README-158 TP53 missense hit 1	Basal
README-158	ERBB2	missense	README-158 ERBB2 missense hit 1	Basal
README-160	TP53	missense	README-160 TP53 missense hit 1	Normal-like
README-162	PIK3CA	missense	README-162 PIK3CA missense hit 1	Basal
README-162	TP53	missense	README-162 TP53 missense hit 1	Basal
README-163	PIK3CA	nonsense	README-163 PIK3CA nonsense hit 1	Luminal
README-163	TP53	splice	README-163 TP53 splice hit 1	Luminal
README-164	PIK3CA	nonsense	README-164 PIK3CA nonsense hit 1	HER2
README-164	TP53	missense	README-164 TP53 missense hit 1	HER2
README-164	CDH1	missense	README-164 CDH1 missense hit 1	HER2
README-165	PIK3CA	nonsense	README-165 PIK3CA nonsense hit 1	Luminal
README-165	ERBB2	splice	README-165 ERBB2 splice hit 1	Luminal
README-166	GATA3	nonsense	README-166 GATA3 nonsense hit 1	Normal-like
README-166	ERBB2	missense	README-166 ERBB2 missense hit 1	Normal-like
README-167	TP53	missense	README-167 TP53 missense hit 1	Luminal
README-167	GATA3	inframe	README-167 GATA3 inframe hit 1	Luminal
README-167	KMT2C	frameshift	README-167 KMT2C frameshift hit 1	Luminal
README-168	TP53	missense	README-168 TP53 missense hit 1	Basal
README-168	MAP3K1	missense	README-168 MAP3K1 missense hit 1	Basal
README-169	KMT2C	missense	README-169 KMT2C missense hit 1	Luminal
README-170	PIK3CA	inframe	README-170 PIK3CA inframe hit 1	HER2
README-170	MAP3K1	missense	README-170 MAP3K1 missense hit 1	HER2
README-170	MAP3K1	frameshift	README-170 MAP3K1 frameshift hit 2	HER2
README-171	PIK3CA	missense	README-171 PIK3CA missense hit 1	Luminal
README-172	TP53	nonsense	README-172 TP53 nonsense hit 1	Luminal
README-172	MAP3K1	nonsense	README-172 MAP3K1 nonsense hit 1	Luminal
README-172	KMT2C	nonsense	README-172 KMT2C nonsense hit 1	Luminal
README-172	KMT2C	missense	README-172 KMT2C missense hit 2	Luminal
README-173	TP53	splice	README-173 TP53 splice hit 1	Basal
README-173	CDH1	frameshift	README-173 CDH1 frameshift hit 1	Basal
README-174	PIK3CA	nonsense	README-174 PIK3CA nonsense hit 1	Luminal
README-175	MAP3K1	frameshift	README-175 MAP3K1 frameshift hit 1	Basal
README-176	TP53	silent	README-176 TP53 silent hit 1	Normal-like
README-176	TP53	splice	README-176 TP53 splice hit 2	Normal-like
README-176	CDH1	splice	README-176 CDH1 splice hit 1	Normal-like
README-176	KMT2C	nonsense	README-176 KMT2C nonsense hit 1	Normal-like
README-177	PTEN	nonsense	README-177 PTEN nonsense hit 1	HER2
README-178	PIK3CA	missense	README-178 PIK3CA missense hit 1	HER2
README-178	TP53	nonsense	README-178 TP53 nonsense hit 1	HER2
README-178	PTEN	nonsense	README-178 PTEN nonsense hit 1	HER2
README-178	EGFR	frameshift	README-178 EGFR frameshift hit 1	HER2
README-179	TP53	missense	README-179 TP53 missense hit 1	Normal-like
README-179	CDH1	inframe	README-179 CDH1 inframe hit 1	Normal-like
README-179	BRCA1	nonsense	README-179 BRCA1 nonsense hit 1	Normal-like
README-180	GATA3	missense	README-180 GATA3 missense hit 1	Basal
README-180	MAP3K1	missense	README-180 MAP3K1 missense hit 1	Basal
README-180	KMT2C	frameshift	README-180 KMT2C frameshift hit 1	Basal
